"geneSet","pvals.mean","pvals.median","pvals.meanabs","pvals.meansqr","pvals.maxmean","pvals.ks_orig","pvals.ks_weighted","sim_brain"
"GO:0007268",0.899220155968806,0.637272545490902,0.757648470305939,0.782643471305739,0.801639672065587,0.545325275506577,0.684210526315789,1
"GO:0007416",0.533493301339732,0.552089582083583,0.723655268946211,0.787642471505699,0.872825434913017,0.922879177377892,0.54992657856094,1
"GO:0008021",0.117576484703059,0.329534093181364,0.744851029794041,0.670265946810638,0.250549890021996,0.326292789512017,0.123749536865506,1
"GO:0014069",0.793841231753649,0.507698460307938,0.466706658668266,0.509498100379924,0.405918816236753,0.982273201251303,0.899813606710158,1
"GO:0016079",0.506698660267946,0.316336732653469,0.75624875024995,0.912217556488702,0.80623875224955,0.337188612099644,0.669881630863656,1
"GO:0030285",0.831033793241352,0.778844231153769,0.795640871825635,0.643871225754849,0.373925214957009,0.720851063829787,0.861347792408985,1
"GO:0030672",0.0323935212957408,0.0589882023595281,0.797240551889622,0.674265146970606,0.219156168766247,0.0941949616648412,0.0247191011235955,1
"GO:0042734",0.608878224355129,0.571085782843431,0.66626674665067,0.783043391321736,0.839232153569286,0.541184971098266,0.572241681260946,1
"GO:0045211",0.655268946210758,0.569886022795441,0.464107178564287,0.477304539092182,0.589082183563287,0.955967976710335,0.956068503350707,1
"GO:0048488",0.578084383123375,0.621875624875025,0.718456308738252,0.702659468106379,0.534893021395721,0.905278921752153,0.784039334341906,1
"GO:0048786",0.320135972805439,0.188562287542491,0.685462907418516,0.842631473705259,0.637672465506899,0.462264150943396,0.564516129032258,1
"GO:0048787",0.419716056788642,0.813437312537493,0.449710057988402,0.513097380523895,0.241551689662068,0.69296613323409,0.397909667786488,1
"GO:0050804",0.732653469306139,0.827634473105379,0.64627074585083,0.70745850829834,0.614477104579084,0.647531992687386,0.503348214285714,1
"GO:0050808",0.126174765046991,0.255748850229954,0.953209358128374,0.986402719456109,0.949410117976405,0.204387186629526,0.417276210379659,1
"GO:0051963",0.436712657468506,0.550689862027595,0.247950409918016,0.25494901019796,0.492101579684063,0.575186321788689,0.460453185121847,1
"GO:0060078",0.642271545690862,0.496100779844031,0.0971805638872226,0.128574285142971,0.162967406518696,0.532407407407407,0.448887056883759,1
"GO:0098839",0.967406518696261,0.657068586282743,0.883223355328934,0.896020795840832,0.776644671065787,0.764434180138568,0.875112714156898,1
"GO:0098918",0.104579084183163,0.108178364327135,0.790841831633673,0.908618276344731,0.879024195160968,0.186940298507463,0.211068702290076,1
"GO:0099010",0.614277144571086,0.17376524695061,0.439512097580484,0.530693861227754,0.484703059388122,0.549906542056075,0.72263868065967,1
"GO:0099055",0.710057988402319,0.5624875024995,0.519896020795841,0.535892821435713,0.630073985202959,0.955118694362018,0.941048981361075,1
"GO:0099056",0.629074185162967,0.359528094381124,0.506098780243951,0.648070385922815,0.737852429514097,0.555555555555556,0.641608391608392,1
"GO:0099059",0.99880023995201,0.549690061987603,0.472705458908218,0.457308538292342,0.327134573085383,0.937874251497006,0.640636846095527,1
"GO:0099060",0.886822635472905,0.491501699660068,0.316336732653469,0.309738052389522,0.0147970405918816,0.71964586846543,0.418189368770764,1
"GO:0099061",0.913017396520696,0.524295140971806,0.769446110777844,0.783443311337732,0.728854229154169,0.921456622634773,0.824,1
"GO:0099072",0.0387922415516897,0.023995200959808,0.502699460107978,0.683663267346531,0.72745450909818,0.0927200289750091,0.133113311331133,1
"GO:0099092",0.256148770245951,0.159168166366727,0.443311337732454,0.504499100179964,0.0937812437512497,0.281088082901554,0.189326556543837,1
"GO:0099171",0.501099780043991,0.331133773245351,0.301539692061588,0.346530693861228,0.245550889822036,0.865655070318283,0.679202707784882,1
"GO:0099173",0.176564687062587,0.233553289342132,0.980603879224155,0.99500099980004,0.97380523895221,0.0836772983114447,0.360723709008669,1
"GO:0099175",0.10997800439912,0.254349130173965,0.960807838432314,0.992001599680064,0.936412717456509,0.0590026646364675,0.202294455066922,1
"GO:0099188",0.484903019396121,0.728854229154169,0.755248950209958,0.866426714657069,0.467106578684263,0.677059276366436,0.477900552486188,1
"GO:0099504",0.113177364527095,0.141371725654869,0.704059188162368,0.858028394321136,0.157768446310738,0.235862562634216,0.146888567293777,1
"GO:0099505",0.151969606078784,0.140571885622875,0.203559288142372,0.225754849030194,0.30253949210158,0.116137451065681,0.0896995708154506,1
"GO:0099509",0.267146570685863,0.108578284343131,0.264747050589882,0.461507698460308,0.514497100579884,0.1508864579404,0.456671779141104,1
"GO:0099523",0.145570885822835,0.102379524095181,0.682663467306539,0.786842631473705,0.553289342131574,0.078531796841656,0.0942364324779133,1
"GO:0099531",0.493901219756049,0.332333533293341,0.311937612477505,0.355728854229154,0.251349730053989,0.862017247844019,0.685966257668712,1
"GO:0099536",0.41871625674865,0.757848430313937,0.765846830633873,0.822835432913417,0.788042391521696,0.284345047923323,0.5449378330373,1
"GO:0099537",0.496900619876025,0.838032393521296,0.686862627474505,0.725454909018196,0.632673465306939,0.389492119089317,0.467491166077738,1
"GO:0099560",0.376124775044991,0.518896220755849,0.723055388922216,0.644671065786843,0.550889822035593,0.579598804950918,0.534963534963535,1
"GO:0099563",0.440311937612477,0.133573285342931,0.348130373925215,0.447110577884423,0.368526294741052,0.363636363636364,0.542824074074074,1
"GO:0099572",0.695460907818436,0.420915816836633,0.402719456108778,0.470705858828234,0.195360927814437,0.89259645464025,0.89261744966443,1
"GO:0099634",0.629274145170966,0.306938612277544,0.347130573885223,0.353329334133173,0.00999800039992002,0.476118841669801,0.536121673003802,1
"GO:0099645",0.0535892821435713,0.101179764047191,0.404319136172765,0.459108178364327,0.471105778844231,0.130256791961295,0.0594208349003385,1
"GO:1904315",0.347130573885223,0.2749450109978,0.0773845230953809,0.116376724655069,0.143171365726855,0.458549222797927,0.421131509928812,1
"GO:1905606",0.525294941011798,0.608478304339132,0.217956408718256,0.233553289342132,0.501099780043991,0.601851851851852,0.433501683501683,1
"GO:2000300",0.861627674465107,0.581883623275345,0.49370125974805,0.653869226154769,0.302939412117576,0.835222978080121,0.903250478011472,1
"SYNGO:metabolism",0.0725854829034193,0.00999800039992002,0.00519896020795841,0.00379924015196961,0.0407918416316737,0.0380255941499086,0.0538116591928251,1
"SYNGO:postsynprocess",0.109578084383123,0.0585882823435313,0.251949610077984,0.403319336132773,0.384523095380924,0.176100628930818,0.350743687305431,1
"SYNGO:presynprocess",0.370325934813037,0.971005798840232,0.492901419716057,0.686062787442511,0.135572885422915,0.706559665038381,0.489206128133705,1
"SYNGO:transport",0.0153969206158768,0.0809838032393521,0.770845830833833,0.858228354329134,0.859028194361128,0.0116984402079723,0.0317732932589094,1
"GO:0007268",0.683663267346531,0.572285542891422,0.698260347930414,0.75744851029794,0.735652869426115,0.841549295774648,0.970767356881851,2
"GO:0007416",0.681663667266547,0.669666066786643,0.871625674865027,0.876424715056989,0.912017596480704,0.907297096053611,0.902477388910735,2
"GO:0008021",0.419916016796641,0.394121175764847,0.885422915416917,0.925214957008598,0.910417916416717,0.515828677839851,0.841319717203456,2
"GO:0014069",0.910617876424715,0.581083783243351,0.359328134373125,0.301339732053589,0.640671865626875,0.772840383931745,0.467282525019246,2
"GO:0016079",0.267346530693861,0.278344331133773,0.437312537492501,0.53129374125175,0.598080383923215,0.554118154376887,0.472087378640777,2
"GO:0030285",0.598280343931214,0.603079384123175,0.873625274945011,0.840231953609278,0.902619476104779,0.434964450020912,0.976817288801572,2
"GO:0030672",0.175164967006599,0.304339132173565,0.947410517896421,0.970805838832234,0.979404119176165,0.1807951987997,0.398965791567224,2
"GO:0042734",0.187962407518496,0.618076384723055,0.513097380523895,0.567286542691462,0.20495900819836,0.182608695652174,0.104923325262308,2
"GO:0045211",0.70625874825035,0.875424915016997,0.732253549290142,0.803239352129574,0.811637672465507,0.609288453344695,0.805433479824211,2
"GO:0048488",0.996800639872026,0.919616076784643,0.487702459508098,0.477304539092182,0.74005198960208,0.966101694915254,0.72554567502021,2
"GO:0048786",0.645270945810838,0.38872225554889,0.505298940211958,0.588682263547291,0.654869026194761,0.751662971175166,0.920441118550611,2
"GO:0048787",0.669466106778644,0.479304139172166,0.342731453709258,0.425514897020596,0.606878624275145,0.868471216164697,0.8944,2
"GO:0050804",0.977404519096181,0.506698660267946,0.708458308338332,0.740851829634073,0.352129574085183,0.951272100043122,0.836378077839555,2
"GO:0050808",0.268946210757848,0.491501699660068,0.985802839432114,0.983203359328134,0.977804439112178,0.21,0.510457010069713,2
"GO:0051963",0.381923615276945,0.442111577684463,0.382723455308938,0.38252349530094,0.629274145170966,0.564617314930991,0.326190476190476,2
"GO:0060078",0.222355528894221,0.0699860027994401,0.0245950809838032,0.0475904819036193,0.0689862027594481,0.191375770020534,0.183424980361351,2
"GO:0098839",0.654869026194761,0.716856628674265,0.927214557088582,0.94001199760048,0.935412917416517,0.47291296625222,0.95940347970174,2
"GO:0098918",0.267146570685863,0.137372525494901,0.182963407318536,0.287942411517696,0.224555088982204,0.223400227186672,0.625398089171974,2
"GO:0099010",0.717056588682264,0.637872425514897,0.615076984603079,0.668266346730654,0.733253349330134,0.94081942336874,0.858661417322835,2
"GO:0099055",0.570285942811438,0.919016196760648,0.68626274745051,0.739852029594081,0.573885222955409,0.519508057675997,0.496437054631829,2
"GO:0099056",0.231953609278144,0.338932213557289,0.44871025794841,0.549490101979604,0.253949210157968,0.157507572479446,0.141471301535974,2
"GO:0099059",0.804239152169566,0.948410317936413,0.270345930813837,0.29494101179764,0.501899620075985,0.884678747940692,0.790495049504951,2
"GO:0099060",0.743251349730054,0.610677864427115,0.260747850429914,0.270945810837832,0.0801839632073585,0.544251447477254,0.33720464557469,2
"GO:0099061",0.606478704259148,0.72125574885023,0.921815636872625,0.939212157568486,0.910217956408718,0.51883932438285,0.830241935483871,2
"GO:0099072",0.0389922015596881,0.143371325734853,0.623075384923015,0.606678664267147,0.822035592881424,0.102420856610801,0.072813612979818,2
"GO:0099092",0.543491301739652,0.433513297340532,0.350329934013197,0.375524895020996,0.299140171965607,0.784364261168385,0.682837342030167,2
"GO:0099171",0.743451309738052,0.342331533693261,0.328934213157369,0.428514297140572,0.496700659868026,0.834657586076428,0.954887218045113,2
"GO:0099173",0.230953809238152,0.515496900619876,0.985202959408118,0.986802639472106,0.869426114777045,0.140151515151515,0.311930241775664,2
"GO:0099175",0.0955808838232353,0.557288542291542,0.991801639672066,0.991401719656069,0.895820835832833,0.0226550079491256,0.114448051948052,2
"GO:0099188",0.620475904819036,0.415316936612677,0.578884223155369,0.681063787242551,0.745450909818036,0.679223300970874,0.89349593495935,2
"GO:0099504",0.445710857828434,0.315536892621476,0.795440911817636,0.870225954809038,0.908018396320736,0.820036429872495,0.697674418604651,2
"GO:0099505",0.0371925614877025,0.0313937212557489,0.108978204359128,0.0863827234553089,0.0327934413117376,0.020068317677199,0.0112585444310414,2
"GO:0099509",0.232753449310138,0.155368926214757,0.253949210157968,0.349730053989202,0.456708658268346,0.332443766679375,0.491922455573506,2
"GO:0099523",0.0663867226554689,0.369726054789042,0.610677864427115,0.470705858828234,0.268346330733853,0.126397248495271,0.0106863953966297,2
"GO:0099531",0.724655068986203,0.343531293741252,0.335332933413317,0.435512897420516,0.502699460107978,0.835922697991664,0.955635491606715,2
"GO:0099536",0.720455908818236,0.983003399320136,0.84123175364927,0.908618276344731,0.839632073585283,0.753785147801009,0.950135291843835,2
"GO:0099537",0.864427114577085,0.887622475504899,0.724455108978204,0.820635872825435,0.678664267146571,0.826604181687094,0.959096221269965,2
"GO:0099560",0.234753049390122,0.362127574485103,0.746450709858028,0.67006598680264,0.617876424715057,0.481497056349874,0.215496368038741,2
"GO:0099563",0.563487302539492,0.572685462907419,0.559288142371526,0.627274545090982,0.653669266146771,0.886459532029152,0.677003624647604,2
"GO:0099572",0.970605878824235,0.549490101979604,0.261147770445911,0.246350729854029,0.375524895020996,0.701261261261261,0.546961325966851,2
"GO:0099634",0.978204359128174,0.397920415916817,0.342931413717257,0.360127974405119,0.0633873225354929,0.645977950183748,0.399762752075919,2
"GO:0099645",0.0235952809438112,0.0479904019196161,0.598880223955209,0.429314137172566,0.544691061787642,0.108241549563236,0.0271782573940847,2
"GO:1904315",0.73005398920216,0.202359528094381,0.0415916816636673,0.0679864027194561,0.0655868826234753,0.536404160475483,0.717113402061856,2
"GO:1905606",0.396520695860828,0.350529894021196,0.493301339732054,0.525294941011798,0.59128174365127,0.699122440451316,0.396787148594378,2
"GO:2000300",0.884623075384923,0.683063387322535,0.2875424915017,0.295140971805639,0.356128774245151,0.94964330675619,0.845505617977528,2
"SYNGO:metabolism",0.0835832833433313,0.0241951609678064,0.00639872025594881,0.0021995600879824,0.0623875224955009,0.0810506566604128,0.0729083665338645,2
"SYNGO:postsynprocess",0.236152769446111,0.10497900419916,0.131773645270946,0.136172765446911,0.150969806038792,0.159642857142857,0.206803247004252,2
"SYNGO:presynprocess",0.797240551889622,0.924615076984603,0.563287342531494,0.612077584483103,0.638272345530894,0.919448153093013,0.767684887459807,2
"SYNGO:transport",0.0171965606878624,0.0969806038792242,0.79004199160168,0.836632673465307,0.772645470905819,0.0328975115984817,0.0621143562320033,2
"GO:0007268",0.176764647070586,0.0457908418316337,0.339932013597281,0.388522295540892,0.465706858628274,0.0526526526526527,0.339932013597281,3
"GO:0007416",0.206558688262348,0.246750649870026,0.176564687062587,0.110577884423115,0.175164967006599,0.420456842530827,0.137404580152672,3
"GO:0008021",0.002999400119976,0.0023995200959808,0.0031993601279744,0.00799840031993601,0.0389922015596881,0.00120724346076459,0.016025641025641,3
"GO:0014069",0.853829234153169,0.702859428114377,0.702259548090382,0.585882823435313,0.832633473305339,0.895620875824835,0.878224355128974,3
"GO:0016079",0.792241551689662,0.75124975004999,0.314337132573485,0.24875024995001,0.585282943411318,0.949576442113756,0.817853560682046,3
"GO:0030285",0.0113977204559088,0.0275944811037792,0.0113977204559088,0.00919816036792642,0.017996400719856,0.0493386521100147,0.0601766276442801,3
"GO:0030672",0,0,0.000399920015996801,0.0015996800639872,0.00799840031993601,0.000201328769881216,0.00380914194065758,3
"GO:0042734",0.0511897620475905,0.0417916416716657,0.562087582483503,0.425914817036593,0.399920015996801,0.0304304304304304,0.0388,3
"GO:0045211",0.155168966206759,0.0595880823835233,0.24375124975005,0.215556888622276,0.0739852029594081,0.225922953451043,0.1232,3
"GO:0048488",0.124575084983003,0.0505898820235953,0.0409918016396721,0.0851829634073185,0.110777844431114,0.218444538886528,0.222592053255669,3
"GO:0048786",0.0293941211757648,0.0363927214557089,0.117976404719056,0.228554289142172,0.119576084783043,0.0510389348396207,0.0840858920329119,3
"GO:0048787",0.0343931213757249,0.0793841231753649,0.186562687462508,0.315736852629474,0.20495900819836,0.0280852808528085,0.123809523809524,3
"GO:0050804",0.554089182163567,0.145770845830834,0.22755448910218,0.265346930613877,0.455108978204359,0.44469160768453,0.628462464873545,3
"GO:0050808",0.177164567086583,0.0801839632073585,0.288542291541692,0.207758448310338,0.29874025194961,0.15996800639872,0.169366126774645,3
"GO:0051963",0.536692661467706,0.610277944411118,0.521695660867826,0.366926614677065,0.493901219756049,0.617211919149823,0.470745226852802,3
"GO:0060078",0.54249150169966,0.462307538492302,0.709458108378324,0.751049790041992,0.79624075184963,0.511527377521614,0.612706169822847,3
"GO:0098839",0.149770045990802,0.132773445310938,0.0367926414717057,0.0389922015596881,0.028994201159768,0.254057303145662,0.0993390747045864,3
"GO:0098918",0.42371525694861,0.193161367726455,0.5374925014997,0.625274945010998,0.540291941611678,0.490459670424978,0.502211923319992,3
"GO:0099010",0.554089182163567,0.190161967606479,0.393921215756849,0.419116176764647,0.461907618476305,0.551843069627075,0.590708429682573,3
"GO:0099055",0.228954209158168,0.101779644071186,0.240751849630074,0.184363127374525,0.123575284943011,0.382216857775096,0.202965337607694,3
"GO:0099056",0.0217956408718256,0.0489902019596081,0.530693861227754,0.343331333733253,0.27874425114977,0.0202607823470411,0.012012012012012,3
"GO:0099059",0.0297940411917616,0.0765846830633873,0.188962207558488,0.287342531493701,0.172765446910618,0.0689870779491455,0.100573535436297,3
"GO:0099060",0.581483703259348,0.512697460507898,0.807638472305539,0.874025194961008,0.791441711657668,0.757225433526012,0.613603171291467,3
"GO:0099061",0.0793841231753649,0.155568886222755,0.114177164567087,0.0865826834633073,0.0635872825434913,0.220366270879453,0.0380685233420156,3
"GO:0099072",0.157568486302739,0.0465906818636273,0.0411917616476705,0.102979404119176,0.199560087982404,0.155020080321285,0.273583016222712,3
"GO:0099092",0.966006798640272,0.93501299740052,0.992001599680064,0.987002599480104,0.989602079584083,0.87362294741218,0.994081632653061,3
"GO:0099171",0.0443911217756449,0.0895820835832833,0.0327934413117376,0.0499900019996001,0.107178564287143,0.0337007206443408,0.173424828446663,3
"GO:0099173",0.22875424915017,0.167566486702659,0.0679864027194561,0.0389922015596881,0.217756448710258,0.403449726546066,0.295136026380874,3
"GO:0099175",0.0499900019996001,0.0803839232153569,0.0151969606078784,0.00499900019996001,0.000599880023995201,0.0571428571428571,0.201010313618186,3
"GO:0099188",0.501499700059988,0.59628074385123,0.693261347730454,0.702859428114377,0.329934013197361,0.781561822125813,0.516920473773266,3
"GO:0099504",0.01999600079984,0.0013997200559888,0.00379924015196961,0.0125974805038992,0.018996200759848,0.0111977604479104,0.0303939212157568,3
"GO:0099505",0.187962407518496,0.271345730853829,0.864627074585083,0.897020595880824,0.768446310737852,0.109214315096668,0.264622258326564,3
"GO:0099509",0.164767046590682,0.281743651269746,0.199560087982404,0.157968406318736,0.287942411517696,0.429035049762008,0.311827956989247,3
"GO:0099523",0.793241351729654,0.725254949010198,0.750449910017996,0.724455108978204,0.774645070985803,0.756681633525764,0.843789209535759,3
"GO:0099531",0.0475904819036193,0.0873825234953009,0.0343931213757249,0.0461907618476305,0.102379524095181,0.0395098246355377,0.179380586156724,3
"GO:0099536",0.117376524695061,0.0291941611677664,0.0721855628874225,0.0855828834233153,0.132773445310938,0.0452090418083617,0.304539092181564,3
"GO:0099537",0.200559888022396,0.0327934413117376,0.271745650869826,0.374525094981004,0.373125374925015,0.0556,0.374725054989002,3
"GO:0099560",0.579484103179364,0.687062587482503,0.754449110177964,0.633873225354929,0.828634273145371,0.485545473728635,0.672542513479884,3
"GO:0099563",0.527894421115777,0.231353729254149,0.452309538092382,0.479704059188162,0.560287942411518,0.45792775254164,0.631004824837424,3
"GO:0099572",0.847830433913217,0.634873025394921,0.753649270145971,0.714257148570286,0.878624275144971,0.841431713657269,0.914817036592681,3
"GO:0099634",0.309938012397521,0.366526694661068,0.520295940811838,0.535292941411718,0.432913417316537,0.689961880559085,0.305435007232899,3
"GO:0099645",0.00539892021595681,0.0371925614877025,0.0621875624875025,0.0781843631273745,0.118976204759048,0.00376805526481055,0.00927643784786642,3
"GO:1904315",0.0381923615276945,0.0521895620875825,0.468306338732254,0.540691861627674,0.681663667266547,0.0215811965811966,0.106365159128978,3
"GO:1905606",0.259348130373925,0.296740651869626,0.284343131373725,0.283343331333733,0.27994401119776,0.401210549070471,0.419800297429361,3
"GO:2000300",0.701659668066387,0.689862027594481,0.276344731053789,0.161567686462707,0.463907218556289,0.931019616296616,0.712308660096456,3
"SYNGO:metabolism",0.976404719056189,0.810837832433513,0.997000599880024,0.998000399920016,0.996400719856029,0.112676056338028,0.765765765765766,3
"SYNGO:postsynprocess",0.38252349530094,0.166766646670666,0.256348730253949,0.322335532893421,0.613277344531094,0.190361927614477,0.430913817236553,3
"SYNGO:presynprocess",0.00759848030393921,0.000599880023995201,0.0349930013997201,0.0947810437912417,0.0773845230953809,0.0031993601279744,0.0171965606878624,3
"SYNGO:transport",0.702659468106379,0.698460307938412,0.424315136972605,0.486902619476105,0.379724055188962,0.911019701234033,0.659240398896669,3
"GO:0007268",0.172365526894621,0.296540691861628,0.476504699060188,0.439712057588482,0.698860227954409,0.163673057517659,0.498199279711885,4
"GO:0007416",0.127974405118976,0.133973205358928,0.674065186962608,0.654469106178764,0.535492901419716,0.146356653518788,0.166129032258065,4
"GO:0008021",0.0321935612877425,0.0939812037592481,0.0867826434713057,0.147770445910818,0.234353129374125,0.0387136419500205,0.126704089815557,4
"GO:0014069",0.368126374725055,0.427314537092581,0.408518296340732,0.271945610877824,0.182363527294541,0.555822810182401,0.297740451909618,4
"GO:0016079",0.650869826034793,0.822035592881424,0.7124575084983,0.675064987002599,0.221355728854229,0.624843423799582,0.541439806412583,4
"GO:0030285",0.50749850029994,0.480703859228154,0.82743451309738,0.906818636272746,0.902219556088782,0.534478960123375,0.764827872252178,4
"GO:0030672",0.00759848030393921,0.0133973205358928,0.0741851629674065,0.129174165166967,0.270945810837832,0.00619067271976888,0.0482412060301508,4
"GO:0042734",0.638072385522895,0.310737852429514,0.795240951809638,0.934413117376525,0.576884623075385,0.444534577164875,0.571628651460584,4
"GO:0045211",0.386122775444911,0.238952209558088,0.0597880423915217,0.0971805638872226,0.13377324535093,0.43298759406142,0.503004807692308,4
"GO:0048488",0.231753649270146,0.146370725854829,0.271145770845831,0.377724455108978,0.299740051989602,0.101331527871812,0.290820642978003,4
"GO:0048786",0.00739852029594081,0.0317936412717457,0.0575884823035393,0.0345930813837233,0.0261947610477904,0.0421463815789474,0.0206951979103878,4
"GO:0048787",0.0341931613677265,0.02999400119976,0.0833833233353329,0.149770045990802,0.0693861227754449,0.051478408849181,0.105679513184584,4
"GO:0050804",0.213357328534293,0.338932213557289,0.312737452509498,0.230753849230154,0.506498700259948,0.29361790302528,0.375929274663452,4
"GO:0050808",0.0113977204559088,0.0473905218956209,0.543091381723655,0.273345330933813,0.318536292741452,0.0372074414882977,0.020995800839832,4
"GO:0051963",0.762047590481904,0.72005598880224,0.886622675464907,0.888622275544891,0.797240551889622,0.909590849098108,0.882013201320132,4
"GO:0060078",0.560487902419516,0.579084183163367,0.262947410517896,0.366326734653069,0.203559288142372,0.700934579439252,0.584567901234568,4
"GO:0098839",0.338132373525295,0.622675464907019,0.897820435912817,0.891021795640872,0.636472705458908,0.503668976763147,0.148697394789579,4
"GO:0098918",0.0333933213357329,0.125374925014997,0.157768446310738,0.0779844031193761,0.161367726454709,0.231162790697674,0.0405927835051546,4
"GO:0099010",0.216756648670266,0.450509898020396,0.381523695260948,0.224755048990202,0.332333533293341,0.354118729866544,0.0805727719598205,4
"GO:0099055",0.553489302139572,0.320735852829434,0.0745850829834033,0.148370325934813,0.272945410917816,0.577033689400164,0.605416248746239,4
"GO:0099056",0.702059588082384,0.334933013397321,0.691061787642472,0.905818836232753,0.608678264347131,0.547785069729286,0.712996389891697,4
"GO:0099059",0.159368126374725,0.0787842431513697,0.203359328134373,0.355128974205159,0.132173565286943,0.117493472584856,0.216622094219296,4
"GO:0099060",0.176364727054589,0.0985802839432114,0.14877024595081,0.300139972005599,0.169766046790642,0.081493284771227,0.304136766568172,4
"GO:0099061",0.320535892821436,0.56628674265147,0.891021795640872,0.892821435712857,0.621075784843031,0.53749484960857,0.175110574989948,4
"GO:0099072",0.0469906018796241,0.0367926414717057,0.0773845230953809,0.0907818436312737,0.168966206758648,0.0660377358490566,0.130792377131394,4
"GO:0099092",0.771645670865827,0.87122575484903,0.117176564687063,0.0893821235752849,0.0891821635672865,0.65790050405435,0.587458745874587,4
"GO:0099171",0.0997800439912018,0.190961807638472,0.383123375324935,0.391521695660868,0.682663467306539,0.0533991474085708,0.300189194870717,4
"GO:0099173",0.203559288142372,0.127974405118976,0.443111377724455,0.324935012997401,0.372925414917017,0.32209405501331,0.141097891880609,4
"GO:0099175",0.129374125174965,0.0757848430313937,0.224155168966207,0.273345330933813,0.312737452509498,0.0904033379694019,0.112995548017808,4
"GO:0099188",0.113177364527095,0.22995400919816,0.766646670665867,0.632273545290942,0.508898220355929,0.186582809224319,0.149764655541292,4
"GO:0099504",0.00679864027194561,0.0413917216556689,0.0681863627274545,0.0519896020795841,0.0241951609678064,0.0399277688603531,0.0459908018396321,4
"GO:0099505",0.875824835032993,0.437912417516497,0.10877824435113,0.268146370725855,0.0557888422315537,0.0852941176470588,0.765041811136039,4
"GO:0099509",0.0937812437512497,0.203559288142372,0.435112977404519,0.436512697460508,0.517296540691862,0.149329634766528,0.289082412914189,4
"GO:0099523",0.785642871425715,0.794041191761648,0.962807438512298,0.970405918816237,0.713857228554289,0.515288788221971,0.894513874179199,4
"GO:0099531",0.0941811637672466,0.196560687862428,0.397120575884823,0.407318536292741,0.687262547490502,0.0562868815251929,0.296397724878871,4
"GO:0099536",0.098380323935213,0.100379924015197,0.335132973405319,0.391321735652869,0.591681663667267,0.0833333333333333,0.320864172834567,4
"GO:0099537",0.0765846830633873,0.0809838032393521,0.305538892221556,0.339932013597281,0.578484303139372,0.0675486069352576,0.3072,4
"GO:0099560",0.720855828834233,0.421915616876625,0.859828034393121,0.944011197760448,0.855628874225155,0.7890625,0.889584637862659,4
"GO:0099563",0.150569886022795,0.278944211157768,0.265146970605879,0.15376924615077,0.236352729454109,0.224361948955916,0.0374331550802139,4
"GO:0099572",0.18876224755049,0.292141571685663,0.130173965206959,0.0703859228154369,0.0397920415916817,0.2296,0.160767846430714,4
"GO:0099634",0.0935812837432514,0.0643871225754849,0.0947810437912417,0.196560687862428,0.125974805038992,0.0349619004930524,0.189878711836052,4
"GO:0099645",0.00359928014397121,0.0001999600079984,0.0025994801039792,0.00359928014397121,0.018996200759848,0.00221729490022173,0.0045929018789144,4
"GO:1904315",0.0553889222155569,0.0427914417116577,0.0543891221755649,0.0811837632473505,0.128974205158968,0.0550521069324875,0.13006083490665,4
"GO:1905606",0.847830433913217,0.715256948610278,0.821435712857429,0.909818036392721,0.828634273145371,0.873668188736682,0.94097592158534,4
"GO:2000300",0.472705458908218,0.500499900019996,0.689462107578484,0.713057388522295,0.5124975004999,0.598896044158234,0.709225874867444,4
"SYNGO:metabolism",0.48630273945211,0.450909818036393,0.880423915216957,0.905618876224755,0.910217956408718,0.666448801742919,0.772063361448262,4
"SYNGO:postsynprocess",0.0399920015996801,0.00859828034393121,0.0111977604479104,0.023995200959808,0.0729854029194161,0.0258672548626429,0.100779844031194,4
"SYNGO:presynprocess",0.0389922015596881,0.0375924815036993,0.0879824035192961,0.117176564687063,0.0317936412717457,0.102641056422569,0.0831833633273345,4
"SYNGO:transport",0.735852829434113,0.591881623675265,0.999400119976005,0.997800439912018,0.997000599880024,0.0118694362017804,0.133757961783439,4
"GO:0007268",0.190761847630474,0.454509098180364,0.874025194961008,0.741051789642072,0.793641271745651,0.0964314354450682,0.270654130826165,5
"GO:0007416",0.229554089182164,0.488302339532094,0.583283343331334,0.588082383523295,0.773445310937812,0.181578413471292,0.384769941731967,5
"GO:0008021",0.0185962807438512,0.0413917216556689,0.0609878024395121,0.0387922415516897,0.217356528694261,0.0452989732232736,0.0767227564102564,5
"GO:0014069",0.645870825834833,0.659068186362727,0.852429514097181,0.862027594481104,0.899420115976805,0.7278,0.687662467506499,5
"GO:0016079",0.828234353129374,0.907418516296741,0.59248150369926,0.344331133773245,0.750049990002,0.943847557267383,0.814725407362704,5
"GO:0030285",0.0733853229354129,0.198360327934413,0.10997800439912,0.0799840031993601,0.111377724455109,0.265661499256742,0.0887696118909992,5
"GO:0030672",0.0023995200959808,0.00999800039992002,0.0243951209758048,0.028994201159768,0.0871825634873025,0.00707499494643218,0.0120530333467256,5
"GO:0042734",0.416516696660668,0.721055788842232,0.981003799240152,0.948410317936413,0.971405718856229,0.165596146126054,0.311662332466493,5
"GO:0045211",0.595080983803239,0.435112977404519,0.528294341131774,0.723055388922216,0.675264947010598,0.5431900361591,0.540908181636327,5
"GO:0048488",0.425714857028594,0.160767846430714,0.268946210757848,0.366726654669066,0.287342531493701,0.41378574477166,0.436393920466375,5
"GO:0048786",0.026994601079784,0.17876424715057,0.308138372325535,0.177564487102579,0.215356928614277,0.171682488386185,0.0487658037326911,5
"GO:0048787",0.0153969206158768,0.0587882423515297,0.182163567286543,0.092381523695261,0.235152969406119,0.0564632885211996,0.0437347436940602,5
"GO:0050804",0.485302939412118,0.465706858628274,0.618476304739052,0.592081583683263,0.771645670865827,0.543407707910751,0.719083048461693,5
"GO:0050808",0.352129574085183,0.47370525894821,0.660267946410718,0.772845430913817,0.743851229754049,0.486102779444111,0.307338532293541,5
"GO:0051963",0.750449910017996,0.604479104179164,0.799640071985603,0.875224955008998,0.852229554089182,0.562250682343061,0.95836751435603,5
"GO:0060078",0.846630673865227,0.955208958208358,0.898420315936813,0.895220955808838,0.530093981203759,0.846345514950166,0.718775510204082,5
"GO:0098839",0.272945410917816,0.57628474305139,0.277344531093781,0.250349930013997,0.166966606678664,0.416096579476861,0.16005608974359,5
"GO:0098918",0.341331733653269,0.337332533493301,0.491501699660068,0.603479304139172,0.251949610077984,0.492896174863388,0.258888652331275,5
"GO:0099010",0.747250549890022,0.739052189562088,0.603679264147171,0.620475904819036,0.83243351329734,0.904594416355243,0.711266117099979,5
"GO:0099055",0.643271345730854,0.545290941811638,0.4125174965007,0.644071185762847,0.427714457108578,0.469071126334878,0.553886217948718,5
"GO:0099056",0.331733653269346,0.568886222755449,0.870825834833033,0.803639272145571,0.822035592881424,0.338229376257545,0.255813953488372,5
"GO:0099059",0.01999600079984,0.0661867626474705,0.0801839632073585,0.0341931613677265,0.157968406318736,0.135942760942761,0.0440393281442032,5
"GO:0099060",0.552289542091582,0.930613877224555,0.47250549890022,0.363327334533093,0.0627874425114977,0.57198275862069,0.186266274674507,5
"GO:0099061",0.275944811037792,0.563487302539492,0.50869826034793,0.47630473905219,0.435912817436513,0.532336297493937,0.209395703673961,5
"GO:0099072",0.0227954409118176,0.0135972805438912,0.0443911217756449,0.0433913217356529,0.0855828834233153,0.0320887991927346,0.0162357185808779,5
"GO:0099092",0.571685662867427,0.500299940011998,0.859228154369126,0.841831633673265,0.778244351129774,0.638830897703549,0.729281767955801,5
"GO:0099171",0.0567886422715457,0.288342331533693,0.555888822235553,0.229754049190162,0.190561887622476,0.0412941677309493,0.0253532834580216,5
"GO:0099173",0.121575684863027,0.0271945610877824,0.137572485502899,0.20875824835033,0.313937212557489,0.09394261424017,0.175340768277571,5
"GO:0099175",0.01999600079984,0.021995600879824,0.0347930413917217,0.0719856028794241,0.20875824835033,0.00772456411388215,0.0564670786277434,5
"GO:0099188",0.369726054789042,0.257348530293941,0.860827834433113,0.889222155568886,0.724055188962208,0.228936921041023,0.399361022364217,5
"GO:0099504",0.113377324535093,0.0485902819436113,0.196360727854429,0.165166966606679,0.275744851029794,0.130904723779023,0.1162,5
"GO:0099505",0.451909618076385,0.649870025994801,0.898220355928814,0.872225554889022,0.864627074585083,0.399834779016935,0.353958884591899,5
"GO:0099509",0.374925014997001,0.401519696060788,0.714657068586283,0.697060587882424,0.692261547690462,0.546288209606987,0.517343485617597,5
"GO:0099523",0.710457908418316,0.627674465106979,0.892621475704859,0.876024795040992,0.904619076184763,0.735922330097087,0.875235898511218,5
"GO:0099531",0.0557888422315537,0.286542691461708,0.56368726254749,0.240751849630074,0.194761047790442,0.0433104631217839,0.0296018344798833,5
"GO:0099536",0.129374125174965,0.241551689662068,0.747050589882024,0.616076784643071,0.775244951009798,0.0766153230646129,0.201759648070386,5
"GO:0099537",0.140971805638872,0.375324935012997,0.838232353529294,0.754849030193961,0.811037792441512,0.0846,0.221755648870226,5
"GO:0099560",0.959008198360328,0.627874425114977,0.511497700459908,0.620475904819036,0.437912417516497,0.433566433566434,0.88787941358662,5
"GO:0099563",0.763647270545891,0.785442911417716,0.718856228754249,0.69746050789842,0.885622875424915,0.925457715780296,0.72342664702168,5
"GO:0099572",0.65626874625075,0.846830633873225,0.79504099180164,0.764447110577884,0.757848430313937,0.753249350129974,0.543891221755649,5
"GO:0099634",0.368126374725055,0.807838432313537,0.321335732853429,0.225154969006199,0.0353929214157169,0.475122784539825,0.135691987513007,5
"GO:0099645",0.0025994801039792,0.0141971605678864,0.0231953609278144,0.0321935612877425,0.0835832833433313,0.0101889195499894,0.0105480868665977,5
"GO:1904315",0.159568086382723,0.102779444111178,0.792041591681664,0.757048590281944,0.387722455508898,0.0685049547608789,0.0368188512518409,5
"GO:1905606",0.638672265546891,0.557888422315537,0.691861627674465,0.801839632073585,0.892621475704859,0.638344706141316,0.838381698792629,5
"GO:2000300",0.472905418916217,0.449310137972406,0.683463307338532,0.704659068186363,0.815236952609478,0.544563085639573,0.673060708263069,5
"SYNGO:metabolism",0.824435112977405,0.749850029994001,0.977604479104179,0.992001599680064,0.994601079784043,0.794025485690412,0.928849702686077,5
"SYNGO:postsynprocess",0.225354929014197,0.404319136172765,0.135972805438912,0.11997600479904,0.156568686262747,0.107421484296859,0.0875824835032993,5
"SYNGO:presynprocess",0.13877224555089,0.205358928214357,0.520895820835833,0.492901419716057,0.66746650669866,0.167166566686663,0.111977604479104,5
"SYNGO:transport",0.843031393721256,0.854229154169166,0.47750449910018,0.381923615276945,0.649270145970806,0.934616225672425,0.854334038054968,5
"GO:0007268",0.340731853629274,0.405918816236753,0.703459308138372,0.588682263547291,0.13377324535093,0.537130801687764,0.425728354534263,6
"GO:0007416",0.184363127374525,0.33373325334933,0.762247550489902,0.639072185562887,0.339732053589282,0.258906285454958,0.248969854695294,6
"GO:0008021",0.0171965606878624,0.133973205358928,0.405518896220756,0.259148170365927,0.503299340131974,0.0437158469945355,0.0148022837809262,6
"GO:0014069",0.504299140171966,0.566486702659468,0.49750049990002,0.543291341731654,0.203159368126375,0.714870116588259,0.597093257973355,6
"GO:0016079",0.733853229354129,0.926414717056589,0.768046390721856,0.663267346530694,0.761047790441912,0.922396187882914,0.67692974848222,6
"GO:0030285",0.150169966006799,0.292941411717656,0.499700059988002,0.441911617676465,0.742851429714057,0.177667493796526,0.200560354891431,6
"GO:0030672",0.0025994801039792,0.00459908018396321,0.243351329734053,0.141771645670866,0.400919816036793,0.00849921717736524,0.0029940119760479,6
"GO:0042734",0.413117376524695,0.800439912017596,0.922815436912617,0.878424315136973,0.382123575284943,0.299295022431104,0.267786766231072,6
"GO:0045211",0.301739652069586,0.250549890021996,0.236952609478104,0.292141571685663,0.291341731653669,0.490170663210197,0.420062695924765,6
"GO:0048488",0.319136172765447,0.20995800839832,0.422715456908618,0.470905818836233,0.553689262147571,0.616182048040455,0.525533445216974,6
"GO:0048786",0.0253949210157968,0.0409918016396721,0.124175164967007,0.0861827634473105,0.0213957208558288,0.0175516551877361,0.00255863539445629,6
"GO:0048787",0.0377924415116977,0.0737852429514097,0.0513897220555889,0.0537892421515697,0.021995600879824,0.0189035916824197,0.00943184370087581,6
"GO:0050804",0.468106378724255,0.394921015796841,0.490701859628074,0.431113777244551,0.218356328734253,0.62681889411238,0.503767491926803,6
"GO:0050808",0.0607878424315137,0.0499900019996001,0.845630873825235,0.875224955008998,0.488502299540092,0.107676767676768,0.0824638844301766,6
"GO:0051963",0.801639672065587,0.884423115376925,0.774845030993801,0.680063987202559,0.620475904819036,0.974761087968635,0.835562730627306,6
"GO:0060078",0.773645270945811,0.925214957008598,0.159368126374725,0.177964407118576,0.104179164167167,0.629486870633582,0.456272893772894,6
"GO:0098839",0.3125374925015,0.431113777244551,0.524495100979804,0.44871025794841,0.0927814437112578,0.542573830566933,0.282330748270803,6
"GO:0098918",0.0907818436312737,0.0769846030793841,0.555888822235553,0.499900019996001,0.541891621675665,0.285343709468223,0.0937271174029778,6
"GO:0099010",0.522895420915817,0.168366326734653,0.226354729054189,0.253549290141972,0.371725654869026,0.530506721820062,0.642822384428224,6
"GO:0099055",0.366326734653069,0.230353929214157,0.160767846430714,0.213957208558288,0.257348530293941,0.541712768311573,0.434065934065934,6
"GO:0099056",0.314337132573485,0.544091181763647,0.753449310137972,0.661667666466707,0.407318536292741,0.555216728381616,0.272631800042008,6
"GO:0099059",0.107178564287143,0.190561887622476,0.0723855228954209,0.0651869626074785,0.0377924415116977,0.166953105818807,0.0872079574369651,6
"GO:0099060",0.47870425914817,0.697660467906419,0.31753649270146,0.26754649070186,0.216556688662268,0.600560795309712,0.31878466361225,6
"GO:0099061",0.262147570485903,0.344131173765247,0.673065386922616,0.643071385722855,0.159368126374725,0.678381962864722,0.342375053395985,6
"GO:0099072",0.0185962807438512,0.0017996400719856,0.0355928814237153,0.0563887222555489,0.0265946810637872,0.0098922840184656,0.0169383866186746,6
"GO:0099092",0.893221355728854,0.692061587682464,0.626474705058988,0.598680263947211,0.815236952609478,0.998782269849001,0.97692662667282,6
"GO:0099171",0.152169566086783,0.121975604879024,0.320935812837432,0.186162767446511,0.0311937612477504,0.281558310144194,0.0707985697258641,6
"GO:0099173",0.0895820835832833,0.145770845830834,0.463907218556289,0.417916416716657,0.561887622475505,0.188104089219331,0.19504132231405,6
"GO:0099175",0.01999600079984,0.0973805238952209,0.334333133373325,0.249750049990002,0.567286542691462,0.0599162742019885,0.0757910228108904,6
"GO:0099188",0.21755648870226,0.182163567286543,0.920815836832633,0.968006398720256,0.857028594281144,0.203569580962235,0.308641975308642,6
"GO:0099504",0.0311937612477504,0.135572885422915,0.695260947810438,0.516096780643871,0.515896820635873,0.081929715117488,0.0299938788002448,6
"GO:0099505",0.841431713657269,0.700859828034393,0.232753449310138,0.308538292341532,0.0729854029194161,0.6458432304038,0.469724356077723,6
"GO:0099509",0.137572485502899,0.0919816036792642,0.716856628674265,0.770645870825835,0.801839632073585,0.170146137787056,0.160009801519235,6
"GO:0099523",0.847830433913217,0.928614277144571,0.899620075984803,0.87622475504899,0.825834833033393,0.5338904363974,0.900473933649289,6
"GO:0099531",0.145570885822835,0.134373125374925,0.35252949410118,0.199360127974405,0.0365926814637073,0.29214896829391,0.0739419876367095,6
"GO:0099536",0.0965806838632274,0.137572485502899,0.501099780043991,0.357128574285143,0.130973805238952,0.280984895510035,0.19492385786802,6
"GO:0099537",0.150969806038792,0.187562487502499,0.62247550489902,0.5124975004999,0.130773845230954,0.348305260969016,0.26604386677498,6
"GO:0099560",0.922015596880624,0.989602079584083,0.346530693861228,0.419516096780644,0.56128774245151,0.698428290766208,0.859104901728629,6
"GO:0099563",0.43251349730054,0.133173365326935,0.213957208558288,0.262347530493901,0.351929614077185,0.381480526180036,0.550876338851022,6
"GO:0099572",0.446710657868426,0.552689462107579,0.379524095180964,0.406518696260748,0.0779844031193761,0.667809600645421,0.392262978552816,6
"GO:0099634",0.288542291541692,0.495900819836033,0.232353529294141,0.16876624675065,0.167166566686663,0.483137646764926,0.22196041470311,6
"GO:0099645",0.0013997200559888,0.0015996800639872,0.00919816036792642,0.00599880023995201,0.0121975604879024,0.000248756218905473,0.000236294896030246,6
"GO:1904315",0.0805838832233553,0.102779444111178,0.0897820435912817,0.103179364127175,0.0753849230153969,0.0748743718592965,0.0337562844146517,6
"GO:1905606",0.67006598680264,0.681063787242551,0.725254949010198,0.734453109378124,0.881623675264947,0.982565703877179,0.882237487733072,6
"GO:2000300",0.680663867226555,0.77004599080184,0.664267146570686,0.717256548690262,0.768646270745851,0.882261410788382,0.828979793001479,6
"SYNGO:metabolism",0.325734853029394,0.309938012397521,0.618876224755049,0.705858828234353,0.584483103379324,0.469372873116189,0.362144672983591,6
"SYNGO:postsynprocess",0.0719856028794241,0.00679864027194561,0.00479904019196161,0.0105978804239152,0.00959808038392321,0.014037985136251,0.0338467774625051,6
"SYNGO:presynprocess",0.0743851229754049,0.203959208158368,0.505298940211958,0.410717856428714,0.320735852829434,0.173904220779221,0.0572059413890004,6
"SYNGO:transport",0.46750649870026,0.699260147970406,0.774045190961808,0.678864227154569,0.840831833633273,0.347635726795096,0.259217877094972,6
"GO:0007268",0.25254949010198,0.391121775644871,0.92001599680064,0.836032793441312,0.610677864427115,0.255454352891337,0.26592517694641,7
"GO:0007416",0.799840031993601,0.948810237952409,0.606678664267147,0.616876624675065,0.612277544491102,0.949931725079654,0.773163606010017,7
"GO:0008021",0.139772045590882,0.271545690861828,0.738452309538092,0.640671865626875,0.54249150169966,0.159806295399516,0.121835768676682,7
"GO:0014069",0.730453909218156,0.724455108978204,0.886422715456909,0.874025194961008,0.940211957608478,0.783063358622104,0.862760834670947,7
"GO:0016079",0.196960607878424,0.195560887822436,0.236152769446111,0.210757848430314,0.663267346530694,0.249771689497717,0.225752156532716,7
"GO:0030285",0.0265946810637872,0.020995800839832,0.375524895020996,0.45630873825235,0.342331533693261,0.0880117675900956,0.0448817156754367,7
"GO:0030672",0.167966406718656,0.311337732453509,0.88122375524895,0.844431113777245,0.602679464107179,0.188577827547592,0.170812603648425,7
"GO:0042734",0.0917816436712657,0.286942611477704,0.0725854829034193,0.0463907218556289,0.0207958408318336,0.0252622564761293,0.0164133738601824,7
"GO:0045211",0.592281543691262,0.884423115376925,0.988402319536093,0.982003599280144,0.55628874225155,0.419117647058824,0.575602778912955,7
"GO:0048488",0.169366126774645,0.0947810437912417,0.388922215556889,0.367726454709058,0.231353729254149,0.148990544339382,0.151890034364261,7
"GO:0048786",0.583883223355329,0.767046590681864,0.684263147370526,0.614877024595081,0.565286942611478,0.8069151324652,0.55941005400914,7
"GO:0048787",0.508898220355929,0.756048790241952,0.702659468106379,0.63247350529894,0.540891821635673,0.820518924065699,0.455838000861698,7
"GO:0050804",0.664267146570686,0.64747050589882,0.985602879424115,0.989602079584083,0.970605878824235,0.573852069667496,0.857172643869892,7
"GO:0050808",0.943211357728454,0.887422515496901,0.970805838832234,0.963207358528294,0.98880223955209,0.936372847011145,0.970794158831766,7
"GO:0051963",0.457908418316337,0.0415916816636673,0.104179164167167,0.121375724855029,0.0639872025594881,0.159283225485316,0.271654419951013,7
"GO:0060078",0.328334333133373,0.101379724055189,0.00899820035992801,0.0181963607278544,0.00919816036792642,0.176651669429316,0.278247668618521,7
"GO:0098839",0.361527694461108,0.391721655668866,0.888222355528894,0.858828234353129,0.912217556488702,0.496151308555091,0.636792452830189,7
"GO:0098918",0.963407318536293,0.764047190561888,0.353329334133173,0.246550689862028,0.331533693261348,0.95783755819969,0.817991144255418,7
"GO:0099010",0.679864027194561,0.922815436912617,0.66626674665067,0.569086182763447,0.797640471905619,0.941803065731359,0.728148657949071,7
"GO:0099055",0.480703859228154,0.77004599080184,0.957408518296341,0.94501099780044,0.383323335332933,0.453667105841019,0.325944170771757,7
"GO:0099056",0.0667866426714657,0.0277944411117776,0.0567886422715457,0.0427914417116577,0.00879824035192961,0.0246153846153846,0.0153657037492317,7
"GO:0099059",0.353529294141172,0.400719856028794,0.450709858028394,0.460707858428314,0.286542691461708,0.765435099659699,0.428853321639991,7
"GO:0099060",0.77244551089782,0.97120575884823,0.31753649270146,0.231353729254149,0.0955808838232353,0.959256429844665,0.763109895120839,7
"GO:0099061",0.286342731453709,0.413917216556689,0.813437312537493,0.796040791841632,0.827034593081384,0.457289803220036,0.446641944787804,7
"GO:0099072",0.719656068786243,0.822635472905419,0.887822435512897,0.875224955008998,0.893621275744851,0.682290515144815,0.843214211939682,7
"GO:0099092",0.523495300939812,0.867226554689062,0.560087982403519,0.44871025794841,0.395120975804839,0.767669356810956,0.419540229885057,7
"GO:0099171",0.354129174165167,0.412917416516697,0.567086582683463,0.481703659268146,0.478304339132174,0.574553683681167,0.369535519125683,7
"GO:0099173",0.966406718656269,0.860827834433113,0.985402919416117,0.993601279744051,0.988402319536093,0.4106614017769,0.989189189189189,7
"GO:0099175",0.934013197360528,0.724655068986203,0.975204959008198,0.993601279744051,0.992601479704059,0.33456561922366,0.96513470681458,7
"GO:0099188",0.985602879424115,0.96620675864827,0.59748050389922,0.507098580283943,0.832033593281344,0.484982332155477,0.0926966292134832,7
"GO:0099504",0.20375924815037,0.230153969206159,0.763247350529894,0.666666666666667,0.487902419516097,0.170854271356784,0.194002817468303,7
"GO:0099505",0.0323935212957408,0.00419916016796641,0.00599880023995201,0.00939812037592481,0.000399920015996801,0.0249032882011605,0.0216630196936543,7
"GO:0099509",0.887822435512897,0.663667266546691,0.136772645470906,0.187562487502499,0.440511897620476,0.508547008547009,0.961072261072261,7
"GO:0099523",0.123375324935013,0.0857828434313137,0.210157968406319,0.125374925014997,0.334933013397321,0.202390033053649,0.174052812858783,7
"GO:0099531",0.365726854629074,0.420915816836633,0.549290141971606,0.46630673865227,0.465306938612278,0.59193507481613,0.380265567765568,7
"GO:0099536",0.657868426314737,0.787442511497701,0.949210157968406,0.87622475504899,0.906018796240752,0.612876427829699,0.66619803173328,7
"GO:0099537",0.576484703059388,0.704859028194361,0.899820035992801,0.798840231953609,0.732853429314137,0.64780528396089,0.566151375225858,7
"GO:0099560",0.365326934613077,0.365726854629074,0.846630673865227,0.877224555088982,0.887222555488902,0.423981785985328,0.347589952477936,7
"GO:0099563",0.722055588882224,0.952409518096381,0.747050589882024,0.656468706258748,0.806438712257548,0.915948838423388,0.780340088516189,7
"GO:0099572",0.758048390321936,0.746650669866027,0.888022395520896,0.829834033193361,0.908418316336733,0.813652015393964,0.879751900760304,7
"GO:0099634",0.682263547290542,0.700459908018396,0.374725054989002,0.301939612077584,0.196760647870426,0.909685534591195,0.70696303016557,7
"GO:0099645",0.715256948610278,0.813037392521496,0.951009798040392,0.933413317336533,0.983003399320136,0.777227722772277,0.866472172351885,7
"GO:1904315",0.713457308538292,0.963207358528294,0.0653869226154769,0.0675864827034593,0.0297940411917616,0.419631264606596,0.39577530176416,7
"GO:1905606",0.375724855028994,0.0621875624875025,0.0381923615276945,0.0497900419916017,0.0491901619676065,0.103367267032106,0.330453059318076,7
"GO:2000300",0.348330333933213,0.658068386322735,0.5124975004999,0.431113777244551,0.592681463707258,0.640874035989717,0.266651355075792,7
"SYNGO:metabolism",0.668266346730654,0.2875424915017,0.0445910817836433,0.0819836032793441,0.0929814037192561,0.0164948453608247,0.0197628458498024,7
"SYNGO:postsynprocess",0.732853429314137,0.885822835432913,0.658868226354729,0.631673665266947,0.320335932813437,0.766432410086813,0.617664730622872,7
"SYNGO:presynprocess",0.0647870425914817,0.0559888022395521,0.219756048790242,0.21495700859828,0.0457908418316337,0.0793166564978646,0.0702421452871723,7
"SYNGO:transport",0.00399920015996801,0.00639872025594881,0.00559888022395521,0.00899820035992801,0.107178564287143,0.00211081794195251,0.033309709425939,7
