"geneSet","true.mean","true.median","true.meanabs","true.meansqr","true.maxmean","true.sig_n","true.sign_test","true.rank_sum","true.ks_orig","true.ks_weighted","null_upper25.mean","null_upper25.median","null_upper25.meanabs","null_upper25.meansqr","null_upper25.maxmean","null_upper25.sig_n","null_upper25.sign_test","null_upper25.rank_sum","null_upper25.ks_orig","null_upper25.ks_weighted","null_lower25.mean","null_lower25.median","null_lower25.meanabs","null_lower25.meansqr","null_lower25.maxmean","null_lower25.sig_n","null_lower25.sign_test","null_lower25.rank_sum","null_lower25.ks_orig","null_lower25.ks_weighted","null_upper5.mean","null_upper5.median","null_upper5.meanabs","null_upper5.meansqr","null_upper5.maxmean","null_upper5.sig_n","null_upper5.sign_test","null_upper5.rank_sum","null_upper5.ks_orig","null_upper5.ks_weighted","null_lower5.mean","null_lower5.median","null_lower5.meanabs","null_lower5.meansqr","null_lower5.maxmean","null_lower5.sig_n","null_lower5.sign_test","null_lower5.rank_sum","null_lower5.ks_orig","null_lower5.ks_weighted","pvals.mean","pvals.median","pvals.meanabs","pvals.meansqr","pvals.maxmean","pvals.sig_n","pvals.sign_test","pvals.rank_sum","pvals.ks_orig","pvals.ks_weighted","null_brain"
"Astrocyte",-0.255048691239841,-0.374515006300205,0.392614348108146,0.181117740885224,-0.416354811009421,28,-3.94640014115068,12103,-0.322344322344322,-0.407918646763148,0.101462478754971,0.252207801470115,0.422782106858568,0.206304266970628,0.434860838983731,36,0.136082763487954,36811.025,0.184167684167684,0.267874550401201,-0.117984000410555,-0.277597815799997,0.332855309609449,0.139233888853617,-0.449224033580273,13,-2.04124145231932,21157.975,-0.180921855921856,-0.281734209115781,0.0867052695580038,0.229592132141876,0.415746050736849,0.200837863140726,0.423587938800865,34,0.136082763487954,35779.75,0.168091168091168,0.248167127530661,-0.101096491858388,-0.246507205383893,0.339522830114962,0.144116671999156,-0.438800593070707,16,-1.76907592534341,22724.4,-0.16464183964184,-0.25780055551146,0.000355745286374956,0.00116822429906542,0.265146970605879,0.290541891621676,0.252024619371558,0.353329334133173,0.000223264121455682,1,0.00040983606557377,0.000371333085777943,1
"CA1.Pyramidal",-0.184706403606091,-0.314080421713412,0.383401211280534,0.181297616642194,-0.400788248858372,51,-4.13838296829003,33270,-0.228155339805825,-0.325999353769269,0.0708941894758205,0.209257169517336,0.409713700225552,0.196029012806084,0.415846015269641,63,0,68373.625,0.134586773860594,0.219020419435339,-0.0897266581092086,-0.228556564669868,0.345670855395137,0.148193166570693,-0.430781012517432,31,-2.16772441196145,46009.4,-0.134583044382802,-0.228046012104541,0.0579006127284562,0.185982262317964,0.40453724400579,0.19236452426962,0.408031336102645,60,0,67130.4,0.122878027932781,0.202711071525519,-0.0761583376718375,-0.191056691073639,0.35056762268993,0.151806451701827,-0.423131185177171,34,-1.77359270069573,48594.25,-0.122097256717092,-0.211843217372482,0.000337837837837838,0.00190041809198024,0.365526894621076,0.215156968606279,0.362350046139649,0.376724655068986,0.000239578342117873,1,0.000403877221324717,0.000364697301239971,1
"Endothelial",0.0310030648153623,0.104293971548931,0.351874434176276,0.158464731675499,0.363733624042056,19,-0.264906471413009,29298,0.100030026165659,0.150403499338396,0.0920093055393604,0.242410307520754,0.419844496623178,0.204517125851636,0.43292207183792,37,0,38518.2,0.176302921116973,0.259172473745093,-0.112411942278995,-0.273333771957047,0.334228854884713,0.14080280693704,-0.446142772546455,15,-2.11925177130407,22857.8,-0.174626281473856,-0.271127490511884,0.0790859336118838,0.225875027379288,0.413296351515011,0.199193542177311,0.42178752982616,36,0,37553.25,0.161007806803071,0.235476348256859,-0.0967785972053757,-0.243640146058386,0.340738815665078,0.145033517726267,-0.436728535982786,17,-1.85434529989106,24408,-0.158304379530734,-0.249879768845057,0.515539305301645,0.55838198498749,0.871825634873025,0.78004399120176,0.873364730507588,0.91621675664867,1,0.717256548690262,0.600239616613419,0.743523316062176,1
"Ependymal",-0.0675086104229796,-0.200927862547453,0.380342755132307,0.172340507924827,-0.408907768550479,47,-0.763762615825973,43592,-0.11707575490023,-0.216081253152239,0.0758365852923761,0.214014933633611,0.413811664655049,0.199882274622874,0.421301964169721,52,0.109108945117996,56602.125,0.146330346106304,0.226158449855266,-0.0963368256157713,-0.239980943168098,0.340177658358443,0.143842665157395,-0.43656655169926,24,-2.07306995724193,36747.7,-0.146875551827653,-0.24487445065311,0.0620108985810297,0.192109848276059,0.40854450927811,0.195265236232197,0.412646978700063,50,0.109108945117996,55256.35,0.13259167696745,0.208562822812423,-0.0836131510669688,-0.211409310749765,0.345411628236801,0.148452431600012,-0.427729928181104,26,-1.85485206700594,38493.5,-0.13267996939196,-0.224871996511357,0.152985074626866,0.116296863045142,0.453509298140372,0.478304339132174,0.26890756302521,0.152769446110778,0.491727332892124,0.777644471105779,0.19367434595861,0.120170152428217,1
"Interneuron",0.0173354321454395,0.0572522225125862,0.357388679707722,0.155281973709636,0.360311646012655,30,-0.3,53786,0.108627125673994,0.141900630504084,0.070214532370917,0.204202034734706,0.410378245241113,0.196951732819669,0.416933045564673,61,0.1,66240.6,0.138506014102032,0.219337766826581,-0.0915068446046816,-0.228368989444317,0.344176194528482,0.147242645394189,-0.43012921397792,31,-2.1,44760.775,-0.138414765657404,-0.232265096663035,0.0561850409193667,0.17868538930827,0.405206880489526,0.192801018541957,0.408425614070142,59,0.1,65075.1,0.123080464537536,0.20172306138971,-0.0767234251825876,-0.192540734992815,0.34984935160066,0.151193047313827,-0.42315944590831,33,-1.9,46699.95,-0.124216715055993,-0.215890582640951,0.606650831353919,0.626951520131471,0.876824635072985,0.898620275944811,0.93859649122807,0.979604079184163,0.828930272845388,0.725454909018196,0.187255668491009,0.648042234931808,1
"Microglia",-0.200676666753363,-0.318899426667481,0.388319941997294,0.173842852566553,-0.428361170000478,25,-2.45373864405591,13600,-0.259033698741372,-0.342672572560872,0.104369550998343,0.256924955745667,0.424020549986022,0.207146143272121,0.438630176383715,32,0.144337567297406,32624.025,0.192686129719854,0.273738950422182,-0.125958517649447,-0.293074003251257,0.330280620423695,0.13692683599162,-0.44931970667554,11,-2.1650635094611,18103.425,-0.193946026187576,-0.289321657745348,0.0855399393383017,0.228246250329015,0.416907532128942,0.201205147936906,0.426655402924791,31,0.144337567297406,31722.1,0.17291412911084,0.25221214277365,-0.10760451343806,-0.261826560956956,0.337377381054741,0.14289009419003,-0.439584587092494,13,-1.87638837486628,19459.85,-0.175786642306131,-0.266301859121031,0.00139616055846422,0.018875047187618,0.31753649270146,0.434313137372525,0.157095709570957,0.344131173765247,0.0154370034052213,0.99880023995201,0.00194024058983314,0.00617732558139535,1
"Mural",-0.0666964319711977,-0.230851969758072,0.359821403705069,0.151796732500616,0.366406214667339,7,10,11792,-0.119533386967015,-0.172386011649179,0.149605980899769,0.318442850074988,0.443137138478435,0.22275185376833,0.466958360272659,18,12,17632.05,0.260960579243765,0.350657710794926,-0.170459406722786,-0.350415846201544,0.309201020153378,0.122770901314567,-0.479792366021261,4,7,7235.3,-0.260394609814964,-0.357891973770534,0.124233318144816,0.28649970843488,0.43237629837895,0.214837687124461,0.45058599520339,17,12,16970.5,0.236139983909895,0.316762724799468,-0.144178451880793,-0.318697791742047,0.319906431091651,0.130144974731158,-0.462967723283545,5,8,8130.8,-0.238152051488335,-0.329059399850852,0.454150054367524,0.317233384853168,0.698060387922416,0.776044791041792,0.819133745835317,0.907818436312737,0.763847230553889,0.655468906218756,0.85136217948718,0.828160484481453,1
"Oligodendrocyte",0.0602736747540395,0.158736071260053,0.370087060301519,0.170220413391462,-0.371776062656975,29,-1.16189500386223,32183,0.143247654018768,0.193165270464211,0.0919059675315264,0.243417767536803,0.419642519362724,0.204559762876998,0.432298244638858,39,0.129099444873581,40501.1,0.174916360669114,0.255382491706621,-0.111475928512431,-0.26818183186875,0.334667945280786,0.140775000463665,-0.443245188677428,15,-1.93649167310371,24216.725,-0.172279171766626,-0.26733118441811,0.0768946593180122,0.219501146720013,0.411920777938376,0.198181210083813,0.420642817482167,37,0.129099444873581,39560.05,0.158530191758466,0.235977550448175,-0.0957567978984544,-0.237329528654857,0.340841766634891,0.145486872846082,-0.434101218992548,18,-1.67829278335655,25585.35,-0.154698082415341,-0.248333793482498,0.234928229665072,0.29734219269103,0.63627274545091,0.530693861227754,0.840217739353186,0.478304339132174,0.274938629770141,0.603679264147171,0.170403587443946,0.333483551149166,1
"S1.Pyramidal",0.078802594052593,0.272573583046327,0.384996656008522,0.171140167255317,0.393690061098388,35,-1.40449376635357,37184,0.171244114308832,0.216186182730001,0.0825497011546112,0.225038051793903,0.414964208993935,0.201135408869977,0.423062315905756,46,0,48693.925,0.156300077539416,0.238413873614539,-0.103317857091364,-0.252466970373335,0.339024829906806,0.143640568666871,-0.438850733290958,20,-2.10674064953035,30544.5,-0.1590138166249,-0.256468375701665,0.0682548018363821,0.20047103022521,0.409326695775757,0.196122924028437,0.413856240613041,44,0,47734.25,0.142721127805185,0.218187702655284,-0.08902452308735,-0.22526197729822,0.344950981952291,0.147789328327721,-0.429930125665442,22,-1.87265835513809,32431.65,-0.144762999089755,-0.236285744823853,0.0753098188751192,0.00873180873180873,0.352129574085183,0.499900019996001,0.432463110102157,0.472905418916217,0.195187822244046,0.783643271345731,0.0249096022498996,0.120874219446922,1
"Astrocyte",-0.345356469032436,-0.519035910032019,0.529025609930839,0.329250525268101,-0.575812588585571,41,-3.67423461417477,12335,-0.29039479039479,-0.433078365789304,0.10085502245437,0.299730727096545,0.548787032294999,0.347264653773967,0.514374759722084,44,0.136082763487954,35751.375,0.182132682132682,0.244276526981852,-0.180277355205781,-0.394949442132728,0.43164162227965,0.234645970196565,-0.618887014821661,30,-2.04124145231932,20024.75,-0.180718355718356,-0.295992821660489,0.0780781523562254,0.269475212063917,0.53994513279077,0.338670002851934,0.481909715338143,44,0.136082763487954,34968.15,0.165445665445665,0.219925331960064,-0.158454422383767,-0.349672343361879,0.441031322339558,0.243447571445227,-0.605283249200166,31,-1.76907592534341,21462.95,-0.163624338624339,-0.276368039292003,0.000278473962684489,0.000815328169588259,0.099380123975205,0.0949810037992402,0.178433060697374,0.238152369526095,0.000445533526397861,0.999800039992002,0.000397614314115308,0.000300932891965092,2
"CA1.Pyramidal",-0.266836796391875,-0.444058283491639,0.504346939889491,0.30706491694543,-0.536702194844464,74,-4.33544882392289,29837,-0.248661419862594,-0.331861942377995,0.0641090065043749,0.238864246468673,0.533421112282163,0.33266210894385,-0.459960487790434,82,0,67147.875,0.138727199787117,0.197092883808701,-0.139877722251446,-0.307326144813329,0.447976978323554,0.249943589806443,-0.594004438514947,61,-2.16772441196145,43543.65,-0.133977155436571,-0.248179493290333,0.0481230680018901,0.221629459669925,0.526653556451193,0.325111169751406,-0.478042275013712,80,0,65679.35,0.124924805663968,0.179493034919415,-0.124116561415396,-0.275184142524006,0.454995375829705,0.256400325455052,-0.585100901218715,63,-1.78344599347737,45549.5,-0.121951907879883,-0.231942931734226,0.000258397932816537,0.00128259940145361,0.273145370925815,0.210557888422316,0.484298531810767,0.385722855428914,0.000238435860753457,1,0.00040766408479413,0.000282965478211658,2
"Endothelial",0.0220554640824058,0.108223819084306,0.488211699971866,0.290379022985162,-0.510978950878831,38,-0.529812942826018,33275,0.0971131986445331,0.150511366946209,0.101975913377101,0.299782267256491,0.548254468589145,0.345427849735235,0.509505986251043,47,0,37874.1,0.184259318834985,0.239769287564019,-0.180912034519661,-0.394207752214673,0.43574636557981,0.238199585248656,-0.614027214263707,32,-2.11925177130407,21220,-0.181510852314159,-0.293103181375171,0.077651810192937,0.269893073459833,0.536915166944141,0.336477098106,0.475819010147165,46,0,36941.15,0.16252734525801,0.219068918146629,-0.156954669371188,-0.349409320347994,0.444088867647877,0.244912846511185,-0.602016120394325,33,-1.85434529989106,22785.05,-0.161758460944537,-0.270550885906582,0.651547876169906,0.61658232775399,0.535092981403719,0.491701659668066,0.757075471698113,0.742251549690062,0.740647118301314,0.261947610477904,0.621182070606902,0.697258641239571,2
"Ependymal",-0.119553167441652,-0.24111203893336,0.521077837294372,0.316903557344162,-0.584923960845935,63,-0.763762615825973,42247,-0.131084819589146,-0.250558054405513,0.0725095563091874,0.26650104804999,0.535934592640483,0.335124558289693,0.464839129312703,67,0.109108945117996,55153,0.147807404791335,0.208318185592613,-0.156666754570118,-0.342720067538342,0.442875908301875,0.244506917501697,-0.599832435734333,49,-2.07306995724193,33838.475,-0.150363838366002,-0.264637507909924,0.0535421125481564,0.229894700782958,0.528845014570604,0.328106804816748,-0.468289471740409,66,0.109108945117996,53678.4,0.134161074813114,0.188809648253691,-0.138331569364448,-0.302007069025171,0.450511520878695,0.251830742458919,-0.590815928031399,51,-1.85485206700594,35721.35,-0.135316969803991,-0.247352545233483,0.121030713170224,0.231435643564356,0.0933813237352529,0.117976404719056,0.073019801980198,0.208158368326335,0.489384985773692,0.723655268946211,0.114003944773176,0.0658716638273708,2
"Interneuron",-0.0309011004847852,0.0898318921739839,0.471966352383336,0.265865877544562,-0.513130053947062,63,-0.1,53294,0.0800580671920366,-0.114728008901082,0.0657326759945009,0.252887354385645,0.533387580544227,0.332250856078989,-0.454205790748676,79,0.1,65175.05,0.138465055993364,0.199042153040212,-0.139625197934054,-0.319268554194668,0.447206638841452,0.247958070748875,-0.595318830231021,59,-2.1,42277.825,-0.135796350062215,-0.249683807839407,0.0508808585702747,0.224328268489209,0.526143761815652,0.324033393206888,-0.477418188137276,78,0.1,63765.3,0.126294068851099,0.181396585704963,-0.123683794963981,-0.276388993222697,0.454086190214535,0.254463195208926,-0.586084764646131,61,-1.9,44321.65,-0.121548527581916,-0.233144233141317,0.726732161323681,0.599626168224299,0.794641071785643,0.872025594881024,0.76241062308478,0.924015196960608,1,0.601479704059188,0.555599525128611,0.952597218279875,2
"Microglia",-0.332357718244241,-0.484531861462831,0.582481606006555,0.398297610363084,-0.645768934765267,38,-2.74241377865072,14045,-0.291209906617946,-0.462263012935049,0.107497314096728,0.308522625924331,0.554293706168197,0.353217478799149,0.522479137867749,40,0.144337567297406,32210.025,0.191285398903776,0.249011190944624,-0.194992051418546,-0.412158726600796,0.429720589245131,0.232559903297441,-0.625462178478627,26,-2.1650635094611,17026.425,-0.197163012586277,-0.311067494671079,0.0836909395367165,0.280935309286528,0.544068318012237,0.342917103813061,0.489673273241617,39,0.144337567297406,31208.05,0.173850487210719,0.227111022635844,-0.168668166414344,-0.369596380991574,0.439028697705597,0.241381782629292,-0.611818689228308,27,-1.87638837486628,18376.75,-0.176983099878197,-0.288874354516625,0.00028587764436821,0.00610749185667752,0.0021995600879824,0.000599880023995201,0.00938454823221301,0.132173565286943,0.00603217158176944,0.996400719856029,0.000791452314998021,0.000302571860816944,2
"Mural",-0.0913240718351823,-0.181523694198555,0.492608947815788,0.286100525429741,0.501606094975757,19,10,13331,-0.132759452936444,-0.204347370914966,0.168526959632246,0.387437100385981,0.578271861878663,0.380382206710423,0.557794357823009,22,12,17261.25,0.267113837489944,0.327470066977173,-0.245116930436602,-0.480309506445974,0.401038944857581,0.207262364729788,-0.658372859781818,12,7,6845.45,-0.263286403861625,-0.385947648959231,0.139308753330053,0.341585112544713,0.562449788400069,0.362705859920676,0.533837607882494,21,12,16531.55,0.240040225261464,0.294572425338244,-0.215484544631927,-0.440579730109588,0.413831766491085,0.219086155185036,-0.635569085263094,13,8,7758.95,-0.238783588093323,-0.352911174586446,0.496206373292868,0.61489446435683,0.484303139372126,0.524295140971806,0.551932367149758,0.362327534493101,0.774845030993801,0.387722455508898,0.727697701597195,0.686168521462639,2
"Oligodendrocyte",0.0571758013659001,0.167270528243484,0.461048266193049,0.269471208147449,-0.466006690185172,36,-0.903696114115064,31731,0.13219094247246,0.191045569564713,0.0957686219890718,0.295269988523924,0.54482001621334,0.343053155876717,0.507390642075787,49,0.129099444873581,39896.075,0.176786005711954,0.236161360397302,-0.173768444056386,-0.380658034804336,0.436016538607887,0.237654461579815,-0.613093773986607,34,-1.93649167310371,22710.025,-0.174138106895145,-0.288713644220997,0.072410680010883,0.263837604941499,0.535936744037698,0.334931206869081,0.478204224713729,48,0.129099444873581,38820.4,0.158795389636883,0.217518298050866,-0.152002370209132,-0.33459428087635,0.444606104702266,0.246314596726493,-0.598619379039609,35,-1.67829278335655,24406.85,-0.156145450836393,-0.268999618679603,0.274454609429979,0.349182198554583,0.853029394121176,0.775444911017796,0.97732135216089,0.943411317736453,0.405054797584433,0.555488902219556,0.233791748526523,0.300653594771242,2
"S1.Pyramidal",0.119051095910305,0.30805791267444,0.502344605739553,0.292292495483558,0.504020958004884,56,-1.87265835513809,35724,0.166726600514682,0.237982937989886,0.0807492057609438,0.278073768040249,0.538784716442124,0.338166620402138,0.489007340093548,59,0,48153.075,0.158774315349433,0.21846061992946,-0.162996096501636,-0.359670817924733,0.441505159855603,0.243740995686825,-0.604699775931749,42,-2.10674064953035,28718.95,-0.159430169575331,-0.271940183877431,0.0625721919480123,0.247214302186876,0.531485476675967,0.33046778098982,-0.454957234741692,58,0,47059.2,0.143166136626698,0.201603521302437,-0.142498996717056,-0.31866624952815,0.448489478396498,0.250502598102525,-0.593069705595733,43,-1.87265835513809,30386.6,-0.144171058693967,-0.255679579604881,0.0230237912509593,0.0204475308641975,0.326734653069386,0.469306138772246,0.390909090909091,0.145970805838832,0.0721700444883836,0.753849230153969,0.0337213970293055,0.0373366521468575,2
"Astrocyte",-0.075667356105017,-0.122886796764277,0.20233232003289,0.0548857914957892,-0.20849975710343,0,-2.31340697929522,19405,-0.176027676027676,-0.262921519263287,0.0587213676347338,0.100235014874935,0.26970619256822,0.099068849274851,0.276168381889892,7,0.136082763487954,36440.05,0.18539886039886,0.30898748196607,-0.0900232264869245,-0.137508405009397,0.192098683816883,0.0533075000831287,-0.298924112750729,0,-2.04124145231932,20721.675,-0.185393772893773,-0.335408375983677,0.0455343427222462,0.0808593583380674,0.262661617776873,0.0948973275420465,0.265015206375642,5,0.136082763487954,35385.35,0.166259666259666,0.285210447077478,-0.0755793104148808,-0.12236143773149,0.197788335319707,0.0563858163351283,-0.287278558368005,0,-1.76907592534341,22242.95,-0.166066341066341,-0.312318186636062,0.0756936067551267,0.0839931153184165,0.918016396720656,0.963207358528294,0.959021226415094,1,0.0232558139534884,0.984803039392122,0.0705310093230645,0.26374006221915,3
"CA1.Pyramidal",-0.112111953928821,-0.185858372380283,0.252845280379062,0.0862095008584554,0.258848796863837,2,-4.53251467955575,38592,-0.224833080669613,-0.357251678591543,0.0361988687732238,0.0669846692001962,0.258022540731179,0.0921135695679123,0.25927794381976,9,0,68351.45,0.134326415992001,0.252110482168927,-0.0667382463374896,-0.109162241386755,0.202582091233962,0.0591087071564575,-0.280639258156858,0,-2.16772441196145,45675.55,-0.13516544769861,-0.279231467788498,0.0290958683024507,0.0543998009010682,0.253539016117996,0.0896563358627891,0.252187693939322,8,0,66903.3,0.121560816695159,0.237629672236024,-0.0589115521364771,-0.0953939057745598,0.206784284711279,0.0614943823767655,-0.274013701078547,0,-1.78344599347737,47706.8,-0.122472018836887,-0.264426252277069,0.000834260289210234,0.000334336342360415,0.0575884823035393,0.0955808838232353,0.0980243161094225,0.512097580483903,0.000235737859500236,0.998400319936013,0.000405022276225192,0.00133689839572193,3
"Endothelial",0.0198177973868546,0.00114194839786358,0.19172716126808,0.0655103901946959,0.207897631781573,4,0,25501,0.170934671642431,0.216706425850435,0.0530104811127942,0.0960907740405176,0.269418275638313,0.0986482688579869,0.275514594373092,7,0,38492.4,0.176132951572084,0.299245965270613,-0.0873233358521804,-0.133690875172151,0.192420974195418,0.0534026690556146,-0.295304916280856,0,-2.11925177130407,21878.5,-0.179430467979239,-0.330692762210586,0.0425882031306972,0.0794076671160803,0.262210876931038,0.0944972814709312,0.264253282012519,6,0,37471.2,0.15908291511174,0.275658186065748,-0.0763980405840209,-0.121434885667987,0.198365718901974,0.0564801898238606,-0.285786223149898,0,-1.85434529989106,23491.9,-0.162037275339939,-0.307148491025892,0.485419198055893,0.98670465337132,0.976604679064187,0.78124375124975,0.939353988134476,0.174165166966607,1,0.894021195760848,0.0647887323943662,0.473039215686274,3
"Ependymal",0.00581060256925154,0.0459356502351081,0.228901338384357,0.0760614500101912,-0.240251561647037,3,-0.545544725589981,49840,0.0739596209311908,0.185335428678947,0.0409803778506012,0.0707079801073203,0.260784286415593,0.0943401443148518,0.263446016380561,8,0.109108945117996,55989.05,0.144594664194479,0.264885733029318,-0.072537145836166,-0.117552096770665,0.198777475085251,0.0569118853135043,-0.28534114995726,0,-2.07306995724193,35655.575,-0.149205736064512,-0.295559013566084,0.0315018887147854,0.0586981638464148,0.255881754230131,0.0909903305555976,0.255071627729346,7,0.109108945117996,54817.95,0.130365972099594,0.246296816357741,-0.0629417443545171,-0.103138036975878,0.203582447744677,0.0596854708213413,-0.278040130806692,0,-1.85485206700594,37610.75,-0.133250191300253,-0.276509938100522,0.782485875706215,0.2717277486911,0.516696660667866,0.438912217556489,0.602799890200384,0.335532893421316,0.651685393258427,0.288342331533693,0.746490503715937,0.612286002014099,3
"Interneuron",-0.0114746301957368,-0.0904073161646176,0.249487585640534,0.0812556102719606,0.253205271749784,1,-0.5,64776,-0.0938987971795935,0.180646577535394,0.0385450434944136,0.0700707751401125,0.258304789680469,0.0921215261540721,0.260386117222052,9,0.1,66438.075,0.138888635420987,0.25719996988249,-0.0664827613381175,-0.108985162418848,0.201924752908455,0.0587430445135999,-0.280365763091876,0,-2.105,43886.95,-0.136702405640813,-0.281939865463462,0.0297454298655209,0.0578325248190272,0.253664798781163,0.0891901355949887,0.252725835404562,8,0.1,65045.75,0.125278515138947,0.238218576393895,-0.0583544924434056,-0.0958451151769052,0.206238857959587,0.0613561540217048,-0.272786927323247,0,-1.9,46098.8,-0.121862712567399,-0.265138578419139,0.785734503255024,0.105600539811066,0.0871825634873025,0.218156368726255,0.190958690568979,0.674465106978604,0.677622986504136,0.0585882823435313,0.338392124692371,0.633990147783251,3
"Microglia",-0.0731955684089713,-0.0935138906177152,0.212050675266552,0.0644174371376812,-0.253552216600465,0,-0.721687836487032,18738,-0.165448639870077,-0.276964223543625,0.0626436174313518,0.105001461256013,0.271554420675429,0.100837070429995,0.280410197856275,6,0.144337567297406,32643.25,0.194253704831506,0.320289476056539,-0.0925198019388752,-0.140610035999929,0.189874549161831,0.052717428493276,-0.302053245595603,0,-2.1650635094611,17627.775,-0.195299177831912,-0.347393057812085,0.0494432109813598,0.0855117246736102,0.265670196041915,0.0963507183067014,0.269144416102875,5,0.144337567297406,31656.1,0.176706506293138,0.292716168212506,-0.0793298437128385,-0.125530249962862,0.196815427273067,0.0557820310781645,-0.289926842606097,0,-1.87638837486628,19137.65,-0.172733962647178,-0.322563368695728,0.107330652644603,0.222183588317107,0.797640471905619,0.795240951809638,0.446481371969249,1,0.537752808988764,0.958008398320336,0.130382775119617,0.237815416522641,3
"Mural",-0.0515419490838565,-0.0506625781020769,0.284874898317273,0.113126792185784,-0.323477737885701,8,12,15525,-0.165181013676589,-0.354988656295555,0.0913999664659583,0.144633282206303,0.288658235200352,0.112627853805791,0.301456142654501,5,12,17490.075,0.265561142397426,0.394274307696782,-0.124053855284996,-0.178699774068908,0.17329157978218,0.0437546863000251,-0.326651023590403,0,7,7012.825,-0.268191874497184,-0.424635865715204,0.0708193310315636,0.120405114536185,0.279388613646542,0.104930558881608,0.287546344185246,4,12,16801.15,0.240439259855189,0.357221606329327,-0.107370640671488,-0.161539908293164,0.181902155869487,0.0480799531354482,-0.310488531476675,0,8,7988.9,-0.241188254223652,-0.393415889902139,0.409120521172638,0.633903133903134,0.0337932413517297,0.0233953209358128,0.0475728155339806,0.0023995200959808,0.320935812837432,0.144771045790842,0.453493013972056,0.171489817792069,3
"Oligodendrocyte",-0.0290435867058089,-0.0331240833102919,0.226096848671155,0.0747307258344286,-0.231945850342694,2,-0.645497224367903,33049,-0.0466544267645859,-0.184429669230208,0.0536613467102131,0.0942362222364213,0.266582482595904,0.0980681351373303,0.272061268328157,7,0.129099444873581,40590.625,0.176458588331293,0.29489168072756,-0.084123653403414,-0.130965846183532,0.194111064447634,0.0543318471165434,-0.293319626530838,0,-2.19469056285087,23431.95,-0.175500305997552,-0.324093206639153,0.0420690956349304,0.0746132712085363,0.260852500487379,0.0934416722948267,0.263195963962153,6,0.129099444873581,39359.2,0.156283149734802,0.272830037503568,-0.0733225624271357,-0.116780508467148,0.199622273646884,0.0573348198213466,-0.283435115101264,0,-1.93649167310371,25187.85,-0.156112811097511,-0.302624303361631,0.527315914489311,0.659831932773109,0.583083383323335,0.492101579684063,0.759941944847605,0.422115576884623,0.590274651058082,0.512697460507898,0.999207920792079,0.815629228687415,3
"S1.Pyramidal",-0.0985131709001507,-0.0715796909697001,0.241738518720779,0.0836883211483644,-0.295694920741998,0,-1.17041147196131,29240,-0.153297672693764,-0.386827298609294,0.0449306572588549,0.0816251863523694,0.263121968305165,0.0950557646820825,0.267979342912067,8,0,49047.075,0.158867025520582,0.279380974872566,-0.0780189019416048,-0.124402319377572,0.197971997287132,0.056233061006118,-0.287537949491179,0,-2.10674064953035,29782.3,-0.158437187454347,-0.309147319299518,0.0359858821818371,0.0670245931015514,0.257384520260555,0.0917988642798221,0.258798514773032,6,0,47660.4,0.141950790564914,0.257515735521523,-0.0679554223652803,-0.110866572020774,0.202391295885491,0.0591160217444084,-0.279481824535981,0,-1.87265835513809,31576.95,-0.142960769550609,-0.288136786581438,0.00524322749781532,0.289286921257181,0.237952409518096,0.185362927414517,0.0184667039731393,1,0.296278158667973,0.981803639272146,0.0653983353151011,0.00202634245187437,3
"Astrocyte",-0.219946425338122,-0.32833733896801,0.338655432589326,0.138913407658214,-0.377056254101027,18,-3.40206908719886,12243,-0.285714285714286,-0.442661629567896,0.0707117508112541,0.174504994699938,0.36129750499496,0.159135844150839,0.361168211344915,22,0.136082763487954,36472.2,0.185190272690273,0.26477930656476,-0.120627122895458,-0.217352524430689,0.273082094814448,0.0986728395440365,-0.396326971672338,0,-2.04124145231932,20012.9,-0.185800773300773,-0.314388984272646,0.054996915037725,0.152343570932248,0.35400022442699,0.15381256697508,0.348636388282423,21,0.136082763487954,35471.4,0.163817663817664,0.24360007150904,-0.107594239839605,-0.196674311025273,0.280624710726569,0.103496319734813,-0.3864276144522,1,-1.76907592534341,21661.95,-0.166676841676842,-0.29062009845986,0.000285143997718848,0.000683994528043776,0.164367126574685,0.228154369126175,0.114025974025974,0.140171965606879,0.000892458723784025,0.999800039992002,0.00117600940807526,0.000317762948840165,4
"CA1.Pyramidal",-0.207175390343574,-0.277438785001462,0.345381578575731,0.156580073751756,-0.38454978242357,38,-4.33544882392289,27641,-0.237763280972809,-0.411939890232323,0.0441233132076932,0.133024994096217,0.349526622129878,0.150290325897862,0.340457530814251,36,0,67798.15,0.13457235993291,0.216434914950997,-0.0922023535972582,-0.177003660733283,0.285437810122092,0.106814939011066,-0.378320165728765,3,-2.16772441196145,44437.5,-0.133233678998807,-0.261185567195634,0.0316873320913357,0.113958865398044,0.343663425276147,0.14671223523043,0.331398895414695,34,0,66427.35,0.121664234106377,0.199471416866318,-0.0822279648198721,-0.156960863135501,0.290547584385357,0.110202424656786,-0.371064469664817,5,-1.97065855632859,46653.65,-0.120835483662871,-0.244323818286775,0.000261437908496732,0.00032605151613955,0.0401919616076785,0.00939812037592481,0.0140977443609023,0.017996400719856,0.000236406619385343,1,0.000392156862745098,0.000298864315600717,4
"Endothelial",0.0143116665998715,0.0820407009295803,0.314097390907841,0.115953745358448,-0.316440486769523,4,-0.264906471413009,33475,0.109552610131686,0.157619494942768,0.0672611410584562,0.172724943044625,0.357772210385894,0.15724025952074,0.355235527853633,23,0,38226,0.18110228198859,0.263984475880972,-0.113079710030437,-0.215802445281867,0.274445527769573,0.0995903464566219,-0.39298352748673,0,-2.11925177130407,21848.225,-0.174935658216446,-0.305459398742072,0.0526010174509359,0.152774632386264,0.351017848033806,0.152542867212446,0.344400830492572,21,0,37162,0.163000257367134,0.240153703856955,-0.0999590911477198,-0.189059951362492,0.281522100588893,0.104135551199149,-0.384238273683889,1,-1.85434529989106,23217.85,-0.158369793677347,-0.283291971867278,0.663455362877328,0.447036864209053,0.550089982003599,0.780243951209758,0.820420728578758,0.889222155568886,1,0.2749450109978,0.477129337539432,0.773234200743494,4
"Ependymal",-0.0846585000936737,-0.197350511653354,0.306047786430439,0.117261501853879,-0.349141787957718,16,-0.981980506061966,35051,-0.148125257519571,-0.253209032689572,0.0520783966257865,0.149237078006776,0.351504199085788,0.151952584432413,0.347409514860496,31,0.109108945117996,55747.125,0.150922655836129,0.232982003920562,-0.0983214399809629,-0.187877840632165,0.282694688188034,0.104769594581897,-0.381933197175208,2,-2.07306995724193,35089.725,-0.146778430160692,-0.2739798414025,0.0399168716154723,0.128422740082193,0.345169164962974,0.148140121114159,0.336710878811885,29,0.109108945117996,54448.1,0.135104332214963,0.213410141160111,-0.0870647577678025,-0.166628347346822,0.287755051181032,0.107794403708923,-0.374232578560477,3,-1.85485206700594,37061,-0.133458414268056,-0.25597841666555,0.076734693877551,0.0284566454636759,0.7250549890022,0.804039192161568,0.314918471647603,0.555688862227555,0.372168989547038,0.975804839032194,0.0476377952755906,0.0850673194614443,4
"Interneuron",-0.00350429154444176,0.0215320435028501,0.300339907716547,0.122103562222269,-0.310045101286723,17,-0.1,58355,0.0697428452924098,0.155272179652753,0.0437931544087238,0.13080719139294,0.34839526600424,0.150551084801057,0.34051355178439,36,0.1,65745.175,0.133860638739112,0.219597684068096,-0.0960555522166956,-0.178364496168557,0.28500146273912,0.106565414197097,-0.377909149044574,3,-2.1,42611.775,-0.13948641642472,-0.264405999027802,0.0314725039841194,0.112769917243356,0.34359646772735,0.146644641114927,0.331088756903504,33,0.1,64558.7,0.121171712982165,0.2020291058777,-0.0826705208070215,-0.156522872492005,0.290029415721823,0.109663685256436,-0.370735512484817,5,-1.9,44756.8,-0.124997511406056,-0.247748195087896,0.957742782152231,0.803126526624328,0.844831033793241,0.69626074785043,0.911661603178313,0.640871825634873,1,0.348130373925215,0.709844559585492,0.607609988109394,4
"Microglia",-0.201752866436217,-0.242429532778803,0.334756695822458,0.13850787371906,-0.390188772551763,13,-2.45373864405591,11526,-0.256724522939505,-0.397309103149111,0.0757126938401593,0.182182843286712,0.362939952865587,0.160530462017147,0.363122820924257,20,0.144337567297406,32509.075,0.194534739139261,0.278960611116116,-0.123642637644181,-0.222957018346021,0.270842120966805,0.0976881526330676,-0.399648714655945,0,-2.1650635094611,17421.2,-0.191259388956557,-0.319234692519787,0.0606311789990352,0.158919385190496,0.35400093598513,0.154596351597512,0.350653980808164,19,0.144337567297406,31525.35,0.174822371092164,0.255784293727399,-0.10757032212133,-0.199658736453452,0.277583885914227,0.101442921988717,-0.387660342156769,1,-1.87638837486628,18922.85,-0.172784713763703,-0.297131187074352,0.000888362451880367,0.0235462004994649,0.211957608478304,0.235952809438112,0.058255033557047,0.304139172165567,0.0138636363636364,0.999400119976005,0.00367647058823529,0.00198085176625949,4
"Mural",-0.0905164217705758,-0.139812164630066,0.345822622665303,0.147286370797225,-0.363615870363233,9,10,12818,-0.130088495575221,-0.278244115005556,0.112781127209256,0.224404366286623,0.380657474514035,0.175410849590081,0.388672949028977,13,12,17502.175,0.25871922767498,0.351065779670038,-0.16350480938577,-0.284529756874764,0.255262295625459,0.0864170704547236,-0.428042301675325,0,7,6990.5,-0.265763877715205,-0.39724681588009,0.0906988195619524,0.20314222275918,0.371576129342841,0.166886501066321,0.37151632382575,12,12,16594.9,0.235432019308126,0.321050234176915,-0.141033673761125,-0.251672237455438,0.264216048804337,0.0922915364694409,-0.412278942291197,0,8,8044.65,-0.238652453740949,-0.363935193865888,0.267761288285444,0.423865300146413,0.179764047190562,0.182763447310538,0.353061224489796,0.20875824835033,0.779244151169766,0.511697660467906,0.736993035641131,0.343217450579414,4
"Oligodendrocyte",0.0175144005241722,0.0344860602854725,0.29759101865039,0.12426497027458,-0.300082090849519,12,-0.387298334620742,33073,0.145185638514892,0.204445481768714,0.0644924504401348,0.167688485277247,0.356657696838901,0.156811313571251,0.35473216405902,24,0.129099444873581,40400.275,0.172686148510812,0.257990683799994,-0.117407065687393,-0.217574173519744,0.274410569156964,0.0998521260535233,-0.394075882954529,0,-2.19469056285087,22822.85,-0.177948286413709,-0.306941511213931,0.0499458205587762,0.14403584908129,0.350841388694667,0.151970826117353,0.343935964293293,22,0.129099444873581,39244.15,0.156936964504284,0.235126711830025,-0.101105392649148,-0.189118629888567,0.281301559775801,0.104185265628717,-0.38453745715517,1,-1.93649167310371,24360.55,-0.158325173398613,-0.283109118580808,0.601851851851852,0.773514272344408,0.808038392321536,0.579884023195361,0.9396197327852,0.53129374125175,0.785571587125416,0.47250549890022,0.159299084030267,0.326597487711633,4
"S1.Pyramidal",0.0414065494381269,0.162273253096926,0.340284122480024,0.141719826197201,-0.363634380534308,22,-1.40449376635357,44159,0.147049569038174,0.20646915834808,0.0548025587964667,0.157861944759111,0.354415442796485,0.154466136347565,0.349954603199051,28,0,48675.35,0.159592552844797,0.242526582174944,-0.105466882254994,-0.198985306941406,0.279155091411043,0.102474296014137,-0.386450422793713,1,-2.10674064953035,29583.85,-0.158038393248452,-0.283111882412362,0.0419414322941745,0.13555697310566,0.348434533076408,0.149883529019303,0.340661468953941,26,0,47396.25,0.14337937002034,0.223914804213617,-0.0910101485410661,-0.175527148826885,0.285273700013429,0.106538016047258,-0.378046210030301,2,-1.87265835513809,31443.9,-0.140989695124007,-0.266513461380279,0.187003610108303,0.0510351468464131,0.111977604479104,0.147570485902819,0.171364430032427,0.148570285942811,0.187283523008412,0.212957408518296,0.0888015717092338,0.238913525498891,4
"Astrocyte",-0.164626494552631,-0.288101985289086,0.296535716230692,0.105016694429945,-0.319266145926916,0,-3.12990356022295,16482,-0.227716727716728,-0.370004361911073,0.0288562333450421,0.105462817226424,0.315515282770844,0.123568755381996,0.280463681633157,10,0.136082763487954,34738.2,0.182743182743183,0.244477561283914,-0.133518999776217,-0.225509372031646,0.235458684075901,0.0746911634597079,-0.3596694537922,0,-2.31340697929522,17234.975,-0.183562271062271,-0.337642337990693,0.0148813244589055,0.0863957854339603,0.307169053902076,0.118212025846447,-0.234551839331143,9,0.136082763487954,33744.75,0.165059015059015,0.223550808318188,-0.121442042674463,-0.207887583205986,0.24129479235573,0.0779440496686076,-0.350926632757631,0,-2.04124145231932,18702.45,-0.166056166056166,-0.315012436410656,0.00510884051532652,0.000822593912805045,0.127574485102979,0.261347730453909,0.309728934650137,1,0.00460627330554946,0.982403519296141,0.00590783773139031,0.00916710319539026,5
"CA1.Pyramidal",-0.200993918641567,-0.289774356043502,0.326184309880996,0.130630553704172,-0.348072804729641,12,-5.12371224645432,29283,-0.253802051414379,-0.398223563373624,0.00407574700483661,0.0695738498516614,0.301818970926566,0.115323103545761,-0.264332524462398,14,0,64229.25,0.132508648356611,0.193238857416244,-0.111943125439783,-0.192101735853288,0.246285088320484,0.0809908992238433,-0.343641824636514,0,-2.56185612322716,37941.025,-0.135919608586266,-0.286132050446047,-0.00513232404918369,0.0512097208662835,0.297993650613925,0.112403740074375,-0.27192651574533,11,0,62452.1,0.119997056736445,0.174942782596315,-0.10103153471609,-0.175272509252531,0.250490227306386,0.0835171601827536,-0.337212245484654,0,-2.16772441196145,40102.8,-0.120521199561333,-0.270394815390352,0.000207125103562552,0.00025706940874036,0.000599880023995201,0.000599880023995201,0.0157321500605083,0.0461907618476305,0.000228675966155957,0.999400119976005,0.000397930760047752,0.000241604252234839,5
"Endothelial",0.00268386533546474,0.0371280439378346,0.249212313128705,0.0862031011606333,-0.281042430484294,1,-0.794719414239026,30982,0.160318277355982,0.196110717156122,0.028107465948478,0.109069952268252,0.312925569776057,0.122020858606034,0.276662253862592,10,0,36899.15,0.182174645047827,0.240915150179848,-0.13073903422368,-0.224378338865719,0.236526870106146,0.0753654530820548,-0.359912796895939,0,-2.38415824271708,18651,-0.179141466134775,-0.331445296884567,0.015256871514336,0.0895675117552991,0.306921705452747,0.118082679190698,-0.238101072705412,9,0,35728.2,0.164957319950242,0.218107612680648,-0.120500299049715,-0.202296708388711,0.242585348562577,0.0784579121653029,-0.350701040348738,0,-2.11925177130407,20086.6,-0.15821215630764,-0.311279074819596,0.908722109533469,0.53550099535501,0.899620075984803,0.825834833033393,0.834941275167785,0.72745450909818,0.592474176094442,0.304139172165567,0.11783189316575,0.365617433414044,5
"Ependymal",-0.0359245824495847,-0.0239153812565767,0.278294879260296,0.10233201010193,-0.286896030256847,0,-0.763762615825973,46705,0.0740037671434458,-0.178439697393772,0.0134089217529616,0.0830305551417886,0.305756983779762,0.117363580532319,-0.255851839152291,13,0.109108945117996,52981.85,0.149785522985461,0.207640573251719,-0.115777060821697,-0.199759757163481,0.242789574683785,0.0787664756340768,-0.349251498179352,0,-2.50950573771391,30223,-0.148068971098946,-0.30142659449041,0.00127315371517348,0.0630703465875026,0.300691707137534,0.114134911623919,-0.265397950817815,10,0.109108945117996,51499.2,0.133281093648832,0.189820887787145,-0.1068267297097,-0.183223452661851,0.247599890521206,0.0817783366720954,-0.341599486623361,0,-2.07306995724193,31897.45,-0.133175878509624,-0.283762244075368,0.726253437698329,0.881726158763985,0.398320335932813,0.304539092181564,0.802074857607811,1,0.568396226415094,0.231153769246151,0.729666011787819,0.702196704942586,5
"Interneuron",-0.0708150611880768,-0.140795328412743,0.292183330703485,0.103820934553702,-0.312929648182381,2,-1.5,51853,-0.09255910410618,-0.176684587706205,0.00513188062760895,0.0711660845142033,0.302947797969452,0.115451247370617,-0.262840233621303,14,0.1,62427.45,0.136659166321029,0.189569296543378,-0.110760988030753,-0.192818174546845,0.245013800762724,0.0804736907499378,-0.345035341766725,0,-2.5,36779.4,-0.139012235586893,-0.288790412674469,-0.00517295592273712,0.0504785751860917,0.298415685288383,0.112683399960314,-0.271142134965902,11,0.1,60568.45,0.121706553297387,0.176297981200007,-0.101659569914908,-0.174991509201138,0.249815688922493,0.082888620478819,-0.338116492880853,0,-2.3,38983.7,-0.124826627955205,-0.271991038797448,0.29092416079569,0.180152671755725,0.114577084583083,0.240351929614077,0.3478085235306,0.692661467706459,0.245954003407155,0.388322335532893,0.36191974822974,0.675374939525883,5
"Microglia",-0.143930072457838,-0.208445993530364,0.262597889704667,0.0943931350328787,-0.278762031197147,3,-3.03108891324554,13024,-0.206480917580187,-0.313231718004038,0.0337283875166557,0.114896563281253,0.315396507328646,0.124684630131361,0.286152644014104,10,0.144337567297406,31281.15,0.191620356272838,0.251805673879166,-0.136253645954492,-0.229256237052573,0.233803566383351,0.0738108199941799,-0.364837823751852,0,-2.45373864405591,15104.75,-0.194559480308567,-0.346517024844011,0.0191511120150998,0.095096444837326,0.309098016298709,0.119903728564948,0.255110911483195,8,0.144337567297406,30317.05,0.172084348355664,0.229890586377718,-0.122459765582246,-0.209769740467847,0.240040500311986,0.077234647096466,-0.355266665599432,0,-2.1650635094611,16430.7,-0.173044813235891,-0.323560878761551,0.0191355245384962,0.0752840909090909,0.711857628474305,0.591881623675265,0.840229153405474,0.43871225754849,0.00533926585094549,0.992001599680064,0.0254270957489074,0.08774262164318,5
"Mural",-0.0635127674859546,-0.0568162106988068,0.285916641148158,0.106597360028238,-0.335989815994339,1,12,12838,-0.123748994368463,-0.297223252982356,0.0659022716424172,0.16133706739356,0.331702942083357,0.134555106613925,0.319017788635972,7,12,16894.2,0.263411102172164,0.324528805924006,-0.169944508317147,-0.272696309856404,0.216995189562484,0.0640617933504102,-0.385305669528983,0,7,5919.575,-0.264481094127112,-0.415398643676602,0.0476402705849037,0.131487195843533,0.321750694242744,0.128378906620245,0.300027490821146,6,12,16186.45,0.237655671761867,0.295311758477185,-0.152939750134025,-0.247246977279541,0.225702154590816,0.068615220331293,-0.372027581216955,0,7,6998.7,-0.239176991150442,-0.390657922427284,0.53420523138833,0.788075378436824,0.336532693461308,0.295140971805639,0.247086247086247,0.635672865426915,0.296540691861628,0.377724455108978,0.804048582995951,0.347710487444609,5
"Oligodendrocyte",-0.0407687509704022,-0.000462309816967885,0.270395490597613,0.0982858271554412,-0.311164241568015,3,0.129099444873581,30572,0.0816197470420237,-0.208888517960817,0.0232318805517286,0.0997500949972967,0.311644578999165,0.121226069359056,0.272264370676104,11,0.129099444873581,38523.05,0.172464810281518,0.235257550540789,-0.129247006471082,-0.217147779600312,0.237887549809571,0.0762270650076419,-0.354745499929261,0,-2.19469056285087,19950.45,-0.175542635658915,-0.330311385843817,0.0115610669003398,0.0811242373934628,0.305463509115071,0.117338548615607,-0.250711175002653,9,0.129099444873581,37401.6,0.155534475724194,0.210967214917476,-0.117812049283946,-0.197355727005894,0.243353510925954,0.0795137840877376,-0.347786347310759,0,-1.93649167310371,21461,-0.157205222358221,-0.309804606117184,0.678181023174464,0.998356164383562,0.585082983403319,0.469506098780244,0.430416666666667,0.503099380123975,1,0.447710457908418,0.791068580542265,0.545335772145284,5
"S1.Pyramidal",-0.0721615000394244,-0.0709114961318811,0.268676192127978,0.0978433125157154,-0.311014394102755,5,-0.702246883176783,32811,-0.0661894434018453,-0.21715449387932,0.0174606048149363,0.0911030083251531,0.309117221113218,0.1202534519608,0.255235073437224,12,0,46720.275,0.16261532583411,0.220416057417429,-0.121595879752225,-0.204697204733426,0.241235214874834,0.0777486648012651,-0.352127951781694,0,-2.34082294392261,25496.575,-0.157941188038702,-0.312335073397682,0.00643079106142491,0.0738633768879234,0.30373106872977,0.115833587728082,-0.260039661048162,10,0,45215.1,0.145376290918898,0.201019388259114,-0.110276854719788,-0.188425291653142,0.246268821951368,0.0804345803013665,-0.344239003116046,0,-2.10674064953035,27140.65,-0.141701034982638,-0.293747801679126,0.31384350816853,0.635969664138678,0.620675864827035,0.483303339332134,0.408856848609681,0.337732453509298,0.675992348158776,0.74245150969806,0.890732496964792,0.426564495530013,5
"Astrocyte",-0.213810710083042,-0.343290481267833,0.436635122617129,0.227472680259105,-0.439050937072615,33,-3.40206908719886,17068,-0.255392755392755,-0.306999851154117,0.0879702385650858,0.263152345262931,0.49493127876236,0.288693898864516,0.480015876639548,41,0.136082763487954,36298.625,0.179899267399267,0.245456140583679,-0.166760286057445,-0.329484910607326,0.385564971546968,0.188410125205029,-0.547786609409376,23,-2.04124145231932,19751.85,-0.184981684981685,-0.299916271449226,0.070381828785445,0.231873979493286,0.485911115055332,0.280386767583775,0.46422623433241,39,0.136082763487954,35422,0.163207163207163,0.227503449585818,-0.141132319032521,-0.300078206935746,0.393680876159932,0.196103378577874,-0.535357024486777,25,-1.76907592534341,21551.75,-0.166463166463166,-0.278223245049136,0.00508330979949167,0.0299145299145299,0.544691061787642,0.627674465106979,0.842406876790831,0.485502899420116,0.00178611297164546,0.994001199760048,0.00392464678178964,0.0312403340550572,6
"CA1.Pyramidal",-0.288734567836912,-0.438625579151893,0.497606821577969,0.289582554398539,-0.539954420731552,76,-4.53251467955575,30352,-0.283891881430829,-0.39995091639195,0.0585845525778084,0.216798835823002,0.479193457817198,0.273336960650996,0.45903915866839,73,0,67810.2,0.137190150953133,0.202785329148295,-0.126263284483996,-0.274208191059911,0.399816615877705,0.201023570800112,-0.524158724642883,49,-2.16772441196145,44210.15,-0.132259579718092,-0.250297951762104,0.0439915839980629,0.187481067989304,0.473413897544143,0.267681744259074,0.44249574309504,72,0,66308.15,0.123408823339677,0.187408495630646,-0.112153506379436,-0.249778983591353,0.406333240861474,0.206465472855496,-0.514864396429098,51,-1.77359270069573,46411.75,-0.120844152178821,-0.236138842930204,0.000259605399792316,0.00034952813701503,0.001999600079984,0.002999400119976,0.00636383585692341,0.00979804039192162,0.000237755587256301,1,0.000405186385737439,0.00029120559114735,6
"Endothelial",0.0670207137371265,0.152729301462742,0.411977702708889,0.215916789345192,0.440369511893917,32,-0.529812942826018,26496,0.154741989447947,0.230502149096483,0.0869036556726394,0.261974227149683,0.492214497076646,0.286379821552277,0.47848874278789,42,0,38072.225,0.175888988976108,0.241993650217595,-0.163809257083505,-0.330671359208834,0.385629154666622,0.188208382112343,-0.543336588591084,25,-2.11925177130407,21248.9,-0.181796637069446,-0.296449190787169,0.0674188365313607,0.231018015741666,0.483843838635463,0.278380925644042,0.463996996183962,41,0,37040.05,0.160534894693948,0.222300764792633,-0.142999588861012,-0.300969241562483,0.393690363457548,0.196587650639292,-0.530174338596633,26,-1.85434529989106,23019.9,-0.164372882082958,-0.276366736759322,0.176880222841226,0.33195020746888,0.843431313737253,0.780643871225755,0.633373934226553,0.716656668666267,0.761521027449005,0.823435312937413,0.127930892636775,0.11490329920364,6
"Ependymal",-0.0350329369000614,-0.102921541504029,0.453970566788584,0.253179122677502,0.463036327771525,51,-0.763762615825973,50929,0.0698393077873918,0.152312131154241,0.0663594320620634,0.227491218645788,0.483227808584144,0.277145930187622,0.465601157995393,61,0.109108945117996,55496.275,0.146971201954206,0.214397675608609,-0.136229501904406,-0.289423703664002,0.395362506248252,0.19705645840338,-0.530699119738256,39,-2.07306995724193,34998.95,-0.148099873447525,-0.263785418269487,0.0502444908991864,0.197239319666195,0.47614561801379,0.269996440717969,0.4507471856264,59,0.109108945117996,54256.2,0.134559126493613,0.197075476573265,-0.120061253478953,-0.26274700495876,0.403516903268637,0.203340338593078,-0.519476903014036,41,-1.85485206700594,36671.95,-0.13375345811996,-0.245350185592703,0.659189189189189,0.559185107130313,0.258548290341932,0.200359928014397,0.240901213171577,0.473305338932214,0.482728272827283,0.195760847830434,0.799371809972517,0.563089622641509,6
"Interneuron",-0.050496274268613,-0.0891697783403921,0.439631667104428,0.237445416892898,-0.453822167938001,59,-0.7,56199,-0.0494856905848194,-0.168465291438448,0.0569550094880748,0.214801539894538,0.478250215010369,0.273456031248511,0.460701462028593,71,0.1,65528.275,0.135359083367897,0.202063891068011,-0.13126135818539,-0.279021377994604,0.401375565446755,0.201837995698901,-0.525193306683077,48,-2.1,42688.75,-0.138087619245126,-0.255686786031552,0.0428641239996927,0.181805491702122,0.472617048350167,0.267002469873993,0.445725198846233,69,0.1,64067.15,0.120771256739942,0.184130964924388,-0.11682588083519,-0.254137914263863,0.406618014838809,0.206997081098683,-0.515811599069807,49,-1.9,44673.8,-0.125470344255496,-0.238122508799627,0.49511065362841,0.604500511421752,0.507298540291942,0.480903819236153,0.710052677787533,0.585882823435313,0.521117608836907,0.46370725854829,0.968454258675079,0.531474561655648,6
"Microglia",-0.230590906645781,-0.389318966055028,0.455814814657077,0.258055790875909,-0.499204160947533,30,-2.45373864405591,14894,-0.221452496954933,-0.367476449359024,0.0996896655106804,0.282094652987775,0.497585439877775,0.291103147560585,0.483400645389415,37,0.144337567297406,32616.025,0.192707698944377,0.260270606417041,-0.167374728239064,-0.335010648515932,0.383965839303703,0.187055538151623,-0.551864414571446,20,-1.87638837486628,17472.475,-0.191235916565164,-0.309281753194036,0.0774344259457847,0.245047188005403,0.487910738756464,0.282433762178706,0.467464508541517,35,0.144337567297406,31601,0.174052222898904,0.234068278953103,-0.146874017038978,-0.308475872682242,0.391513641761731,0.194100100644087,-0.539021873931179,22,-1.87638837486628,18892.35,-0.17317042224929,-0.285429237597653,0.00230215827338129,0.00819088319088319,0.300739852029594,0.210757848430314,0.262107568751521,0.438912217556489,0.010341726618705,0.99380123975205,0.0143198090692124,0.00437910541132312,6
"Mural",-0.113216284247795,0.0379203050893455,0.458834352469831,0.281361406043299,-0.650057541724576,16,11,11745,-0.176846339501207,-0.369432588765285,0.154605002329123,0.3539666747366,0.518911031199008,0.311762843199173,0.522649862165339,21,12,17358.05,0.271101769911504,0.335165056448726,-0.222181562448716,-0.40292943989182,0.358157625833828,0.165975767556845,-0.585602413933701,9,7,6986.75,-0.262121078037007,-0.38567535668724,0.126493537995332,0.318159868281938,0.506698711537335,0.299602518437153,0.502048475468564,20,12,16717.6,0.24262992759453,0.302095799534525,-0.191710332856721,-0.363638289179371,0.369659536173551,0.17557335334862,-0.565494551167959,10,8,7869.95,-0.235141592920354,-0.34952895553443,0.318895166352793,0.895477815699659,0.322135572885423,0.118176364727055,0.00217983651226158,0.455308938212358,0.576484703059388,0.639272145570886,0.361873990306947,0.0557954168050482,6
"Oligodendrocyte",-0.00258566769953109,0.133960848632878,0.440813292974752,0.230131485897251,-0.492665511860315,35,-0.645497224367903,36531,0.086515707874337,-0.156538907164499,0.0850204470126587,0.252265388304584,0.492467951852571,0.285739945482195,0.477494971699021,45,0.129099444873581,40363.425,0.173038045695634,0.242024025053955,-0.157455243527567,-0.320932434888158,0.389444927708337,0.191949523981593,-0.542000318690178,26,-1.93649167310371,23083.9,-0.17375050999592,-0.290900134709987,0.0678448625751422,0.224899203967728,0.484356241622736,0.278226324067145,0.460345836829043,43,0.129099444873581,39139.1,0.156469808241534,0.22174129002401,-0.134355465263584,-0.291938194829217,0.397974638876108,0.19880802927394,-0.530587427963049,28,-1.67829278335655,24691.9,-0.155245818033456,-0.271156122786787,0.974804031354983,0.42248413417951,0.480103979204159,0.586082783443311,0.307475978439184,0.624675064987003,0.572731316725979,0.17376524695061,0.748476229175132,0.766779037695372,6
"S1.Pyramidal",-0.0563213598139974,0.0518640179717064,0.43954588305493,0.2493190115765,-0.517118696134739,43,-0.234082294392261,37478,-0.106818973557935,-0.225166112303829,0.0746971669929573,0.23867405006852,0.486602653618961,0.281163041991182,0.469836352033803,53,0,48703.675,0.157295869059525,0.227399952072887,-0.142116997262547,-0.310010401903712,0.394040277361356,0.195551141360208,-0.535335375566213,33,-2.10674064953035,29814.3,-0.157980800566375,-0.273665213121469,0.0575981524483917,0.212409528620282,0.479108000441179,0.27355543052905,0.456640791982149,52,0,47342.05,0.142852326744356,0.207408122912559,-0.12534421993742,-0.273646252318205,0.401832729689169,0.201966642005626,-0.523107274868748,35,-1.87265835513809,31548.8,-0.140815793318125,-0.25439359931861,0.466206896551724,0.700357781753131,0.512897420515897,0.270745850829834,0.0821067157313707,0.601679664067187,1,0.719856028794241,0.357907742998353,0.179227941176471,6
"Astrocyte",-0.132213318073636,-0.186722641161708,0.291049246751635,0.118821027600071,-0.293027929494418,5,-3.12990356022295,16237,-0.283679283679284,-0.327098976506994,0.133980452956821,0.201924330818163,0.388615861467787,0.196878848025576,0.434442849644857,26,0.136082763487954,36588.225,0.188446275946276,0.336864061900118,-0.0762356403731991,-0.156380280057176,0.282324109118516,0.112357897323973,-0.384943384195857,6,-2.04124145231932,20267,-0.185388685388685,-0.285417544237146,0.115268838607077,0.178340849941466,0.378556526294874,0.189439223654698,0.421332032187251,24,0.136082763487954,35447.15,0.164234839234839,0.314113049127361,-0.0578356706897518,-0.135188716732942,0.290639046134271,0.11867007004247,-0.368171349664525,8,-1.76907592534341,21675.2,-0.166666666666667,-0.262665256861727,0.00614754098360656,0.021133525456292,0.948410317936413,0.949210157968406,0.971880492091388,0.988202359528094,0.00244934313070586,0.99620075984803,0.00118717847249703,0.0189328743545611,7
"CA1.Pyramidal",-0.124605620090452,-0.215109299787713,0.347470238355444,0.156755141825363,0.358672745020222,32,-3.74425125702431,42713,-0.243395800406412,-0.307377787254955,0.103697271806449,0.15842860469571,0.373803142452399,0.183654014479782,0.41040723297083,44,0,67994.2,0.134189130890559,0.284059375552981,-0.0447010610400154,-0.115029712045576,0.297508520212479,0.123430465322793,-0.361171863489812,18,-2.16772441196145,45221.75,-0.133128144856949,-0.227566855271838,0.0916145766751898,0.133499282385339,0.367017420888824,0.178797205739916,0.400984804124828,42,0,66599.45,0.119843845756862,0.267569693136336,-0.0325404985021471,-0.0968497007188605,0.303767091826522,0.128070552673507,-0.350793211476826,20,-1.97065855632859,47116.4,-0.121029618101474,-0.211563377305746,0.000910746812386157,0.00104602510460251,0.25254949010198,0.374725054989002,0.503909026297086,0.47370525894821,0.000473484848484848,0.990801839632074,0.000394632991318074,0.00188560653676933,7
"Endothelial",0.0630151674052153,0.213698593086439,0.388691485855965,0.19548295858812,-0.441989289326017,29,-1.85434529989106,34603,0.145283747265474,-0.210546688221455,0.130522680958556,0.199142181413912,0.386094975326427,0.195121335416372,0.433018960861739,27,0,38455.175,0.179320550765667,0.332712449254114,-0.067307838261627,-0.146917993127009,0.283433980082841,0.114319348544609,-0.383538349404178,7,-2.11925177130407,21625.925,-0.173640243640887,-0.272590202002682,0.113415521249854,0.177952383469548,0.378513972662996,0.188008755526582,0.419417874975576,26,0,37428.65,0.162271050486853,0.309035440014278,-0.0511703234008929,-0.129880728530707,0.291240610080603,0.119350217784532,-0.368769295573173,9,-1.85434529989106,23405.95,-0.1568899326556,-0.249703925824196,0.355227148330597,0.033033033033033,0.0197960407918416,0.0237952409518096,0.003613369467028,0.012997400519896,0.0859080633006782,0.191761647670466,0.182539682539683,0.400117855038303,7
"Ependymal",-0.0995155762645428,-0.187833577770475,0.369091233826127,0.175588046601777,-0.401662980077717,39,-1.41841628653395,42822,-0.179469068220613,-0.323083476010052,0.109537361703351,0.172985878514778,0.376977071581408,0.186186004256065,0.416921551294569,37,0.109108945117996,55691.125,0.148274986756136,0.297741602686186,-0.0506814227061379,-0.126549337146978,0.293486493123028,0.120280169729229,-0.366206579008683,13,-2.07306995724193,35191.825,-0.143769865795515,-0.239571163630473,0.0978849073894244,0.148076188314511,0.370131620324109,0.181055798239317,0.407620160011751,35,0.109108945117996,54669.3,0.132218641473895,0.278794826374913,-0.0378986833016552,-0.105733364477366,0.299768343747936,0.125192173688297,-0.353627238002498,15,-1.85485206700594,37429.5,-0.129779563246807,-0.22211738608474,0.00581395348837209,0.00348605577689243,0.0549890021995601,0.0957808438312338,0.00873907615480649,0.012997400519896,0.171422348072315,0.765646870625875,0.0063770426464727,0.00188087774294671,7
"Interneuron",0.00897492307166837,-0.0298405911567117,0.349365695360826,0.166114769140862,0.373271477533848,38,-0.3,64144,-0.0743260058067191,-0.175855273079148,0.104992461339567,0.159265437210753,0.373298180637787,0.183997806369854,0.411854087775058,43,0.1,65958,0.136420779759436,0.285510008746699,-0.0455384240932879,-0.116259850044152,0.295415973842887,0.122675563151057,-0.362774686323482,16,-2.1,43099.625,-0.13763490253007,-0.23081301676153,0.0924180846111005,0.136922075879088,0.367383405376013,0.178607826130488,0.402877034608437,41,0.1,64551.25,0.123154707590212,0.269371564337523,-0.0342764843980682,-0.0952413226868698,0.301564079201128,0.127161921204213,-0.350457614236186,19,-1.9,45291.7,-0.122503525508088,-0.214239196142272,0.902920081967213,0.606187729417934,0.22255548890222,0.181363727254549,0.308650681711331,0.142771445710858,0.835619420857827,0.0593881223755249,0.634623055444755,0.558803986710963,7
"Microglia",-0.0714708516241335,-0.175881033431741,0.338503095964633,0.152265346763814,-0.339288784211393,15,-1.29903810567666,23328,-0.173949451887942,-0.272555502097629,0.137611652885344,0.2119800583759,0.391445498400078,0.200761546144053,0.440617911944181,24,0.144337567297406,32460.125,0.194606425091352,0.348284982689288,-0.0805747463129504,-0.162063765209914,0.27987394266388,0.110925116682826,-0.389764755801708,5,-2.1650635094611,17586.875,-0.195013068412505,-0.294983067034974,0.122502382455912,0.184983178640345,0.382185890387112,0.191594586964792,0.425605357727207,22,0.144337567297406,31648,0.175649614291514,0.322741967665223,-0.0616056811922272,-0.140476450125112,0.289114061306934,0.11747377786477,-0.373305747162537,7,-1.87638837486628,18805.2,-0.17664179861957,-0.268482366049712,0.110152621101526,0.0411542100283822,0.451109778044391,0.490901819636073,0.604452054794521,0.520095980803839,0.22804244750508,0.738852229554089,0.10989898989899,0.125,7
"Mural",-0.0421505591158395,0.0205060997399051,0.311385240873313,0.143006706455086,-0.368266458322034,8,12,12919,-0.126934835076428,-0.289684839139714,0.182508048088219,0.279975922438108,0.413997230954799,0.21883849155216,0.474012388521006,14,12,17384.05,0.266845132743363,0.418289264126681,-0.122702567136472,-0.231165662456752,0.260067040226372,0.0959044375608864,-0.422430691122556,1,7,6929.85,-0.266533386967015,-0.368829107156866,0.153405075520058,0.241159348471382,0.400969305937123,0.206961902087631,0.453109019486923,13,12,16744,0.239861625100563,0.384879681320882,-0.0982427603840326,-0.189587665770534,0.27010322475394,0.103161873865969,-0.403011579823074,2,8,8014.9,-0.241175382139984,-0.339376150566823,0.504617055947854,0.905316824471959,0.711457708458308,0.583683263347331,0.413142485361093,0.527294541091782,0.296140771845631,0.477104579084183,0.784438269154426,0.278213935230618,7
"Oligodendrocyte",0.145473732570734,0.19409894420697,0.334155202324531,0.150281518024225,0.368945334534819,21,-2.19469056285087,21856,0.165014279885761,0.328324887847131,0.126929307073173,0.197834961129853,0.386469403106522,0.195131094621259,0.429204722942984,28,0.129099444873581,40372.075,0.175816503467972,0.329818420813938,-0.0683994842827896,-0.153123194883935,0.285510614773959,0.114426814162351,-0.378272814363209,7,-2.19469056285087,23222.225,-0.175754793961648,-0.271724633213298,0.111615005219494,0.173477636088827,0.377719349408011,0.187572974002391,0.417574298306974,27,0.129099444873581,39254.75,0.157576499388005,0.303779287466013,-0.051706224641294,-0.131362157202905,0.29397749996659,0.120055768249636,-0.364495743709738,9,-1.93649167310371,24988.65,-0.159144226846185,-0.24691133592336,0.013437849944009,0.0477642276422764,0.506898620275945,0.524295140971806,0.433467741935484,0.336932613477305,0.0319573901464714,0.988202359528094,0.0769847634322374,0.0404659717964439,7
"S1.Pyramidal",0.194681669401019,0.177116909955138,0.347871937174015,0.170054812279612,0.412566804999765,30,-2.57490523831487,21133,0.208873206198658,0.423238559829859,0.117968042587913,0.185999002432099,0.380063904800275,0.190255055904147,0.422931874069836,33,0,48493.075,0.161976608942879,0.30977692116413,-0.0588797005771207,-0.141614494684499,0.288915852555824,0.116692999754747,-0.372477657586728,10,-2.10674064953035,29559.8,-0.160160051468192,-0.253202501460103,0.102268707732812,0.162132991345398,0.372492705604726,0.183787324612267,0.411768459961423,31,0,47372.1,0.142850922044793,0.291519319181128,-0.0448951222301492,-0.112526892289198,0.296015255425358,0.122284054111224,-0.359146130849053,12,-1.87265835513809,31441,-0.142015125804893,-0.231966992795419,0.000533191149026926,0.0624791179418644,0.280343931213757,0.164567086582683,0.0582837301587302,0.0967806438712258,0.0149144254278729,0.999800039992002,0.00467653936087295,0.000897397547113371,7
