"Pathway","psig.protein","psig.ahba","psigfdr.protein","psigfdr.ahba","inflation_log","inflation_logfdr","inflation_log1","inflation_logfdr1","inflation_log2","inflation_logfdr2","PathwaySize","PathwayName"
"GO:0022839",0.4501,0.0111,0.0513,1e-04,3.61848359181165,3.86168619126655,0.360593672456496,0.0499274985993147,1.59966938323583,0.413094934473135,30,"monoatomic ion-gated channel activity"
"GO:0030552",0.4497,0.0113,0.0812,1e-04,3.60120266731823,4.31384512225781,0.360120006548727,0.0779715404198221,1.59714341658512,0.593431707287704,23,"cAMP binding"
"GO:0005184",0.4532,0.0115,0.0536,2e-04,3.5928089853632,3.8177123259569,0.362333643739247,0.0520128914442681,1.60169500889043,0.427183632062807,29,"neuropeptide hormone activity"
"GO:0160041",0.4532,0.0115,0.0536,2e-04,3.5928089853632,3.8177123259569,0.362333643739247,0.0520128914442681,1.60169500889043,0.427183632062807,29,"neuropeptide activity"
"GO:0030551",0.4374,0.0113,0.027,1e-04,3.57353247325543,3.23689433037088,0.351599294126217,0.0265419359460879,1.57451343789989,0.238017400137416,37,"cyclic nucleotide binding"
"GO:0004683",0.4551,0.0118,0.0528,0,3.57326691279208,3.98527346716774,0.363343703908397,0.0514532815889157,1.60243671697512,0.423959690744329,27,"calmodulin-dependent protein kinase activity"
"GO:0005267",0.957,0.0259,0.7016,1e-04,3.57272149136307,6.4594775600274,0.645842412302409,0.531468989903557,2.12770204481994,2.08044004400943,122,"potassium channel activity"
"GO:0004993",0.4537,0.0119,0.0894,0,3.56241054946334,4.50424426739813,0.362282278696565,0.085627085967437,1.59901740851104,0.638690994763887,22,"G protein-coupled serotonin receptor activity"
"GO:0022843",0.9927,0.0275,0.8126,1e-04,3.55153126296271,6.60615866493003,0.662361835668149,0.594662283638211,2.14829061197822,2.21012798217213,143,"voltage-gated monoatomic cation channel activity"
"GO:0001965",0.4437,0.0118,0.0529,1e-04,3.54795472659108,3.89182029811063,0.355478339777933,0.0514482668802432,1.58168606343088,0.423614426613842,29,"G-protein alpha-subunit binding"
"GO:0031681",0.447,0.0119,0.0795,1e-04,3.54756592104736,4.29294700462019,0.35766269589577,0.0763979759723916,1.5868431871041,0.584005521607159,23,"G-protein beta-subunit binding"
"GO:0016247",0.9276,0.026,0.456,2e-04,3.53784120958149,5.94236183410025,0.630607959035463,0.375492969771828,2.09869935828425,1.71360010559982,144,"channel regulator activity"
"GO:0141108",0.9276,0.026,0.456,2e-04,3.53784120958149,5.94236183410025,0.630607959035463,0.375492969771828,2.09869935828425,1.71360010559982,145,"transporter regulator activity"
"GO:0005249",0.9492,0.0285,0.6601,1e-04,3.47228222540705,6.39859493453521,0.639317601876339,0.50677784651756,2.09985434365744,2.02728031725082,99,"voltage-gated potassium channel activity"
"GO:0015085",0.8132,0.0258,0.32,0,3.41380414855207,5.77144112313002,0.569620444111526,0.27763173659828,1.9822615703893,1.43508452528932,131,"calcium ion transmembrane transporter activity"
"GO:0004714",0.5819,0.0182,0.0627,1e-04,3.41310536601777,4.05887438277379,0.440590293736298,0.0607128443961791,1.75250491455461,0.485738327903817,60,"transmembrane receptor protein tyrosine kinase activity"
"GO:0004879",0.5833,0.0192,0.1023,0,3.36473194515323,4.63763737612559,0.440493270689489,0.0973989059871328,1.74613124715548,0.704581558185609,52,"nuclear receptor activity"
"GO:0098531",0.5833,0.0192,0.1007,0,3.36473194515323,4.62202730305451,0.440493270689489,0.095946341047209,1.74613124715548,0.696641069814201,53,"ligand-activated transcription factor activity"
"GO:0015276",0.7563,0.0252,0.213,1e-04,3.36400006535273,5.27066583521753,0.538321607937774,0.19299663496158,1.92270832336615,1.14003350421898,169,"ligand-gated monoatomic ion channel activity"
"GO:0022834",0.7563,0.0252,0.2115,1e-04,3.36400006535273,5.26363180856015,0.538321607937774,0.19175926627411,1.92270832336615,1.13522965190633,171,"ligand-gated channel activity"
"GO:0005245",0.5741,0.0195,0.1591,0,3.33411905257535,5.07579862000267,0.434371369346266,0.147643841912562,1.73006209648783,0.952043901579973,42,"voltage-gated calcium channel activity"
"GO:0099106",0.8957,0.0327,0.4003,1e-04,3.28122352059969,5.89939909746855,0.607411431770161,0.336586504379261,2.01535506605588,1.60903823217298,139,"ion channel regulator activity"
"GO:0099094",0.5599,0.0206,0.1084,1e-04,3.25684932182417,4.59970071018356,0.424231026994952,0.102817539006353,1.69960902409629,0.733289623558037,132,"ligand-gated monoatomic cation channel activity"
"GO:0005262",0.7752,0.03,0.2193,0,3.22042301444966,5.3949902538083,0.544354290394703,0.198276923584082,1.90691798121213,1.16096091373265,113,"calcium channel activity"
"GO:0004435",0.2514,0.0093,0.0089,0,3.19887123543147,2.29253475714054,0.215005903319449,0.00886062843219647,1.1678287805705,0.0852598439508234,26,"phosphatidylinositol phospholipase C activity"
"GO:0004629",0.2514,0.0093,0.0083,0,3.19887123543147,2.23001440015921,0.215005903319449,0.00826574441703259,1.1678287805705,0.0797349680188535,29,"phospholipase C activity"
"GO:0071855",0.2622,0.0098,0.006,0,3.19336806532099,1.94591014905531,0.223103938725324,0.00598207167754747,1.19353601637388,0.0582689081239758,34,"neuropeptide receptor binding"
"GO:0016849",0.2519,0.0094,0.0158,0,3.19118834752859,2.82137888640921,0.215306302359455,0.0156764793850076,1.16833615433966,0.146694379150804,23,"phosphorus-oxygen lyase activity"
"GO:0005227",0.2586,0.0099,0.0135,0,3.17037919559484,2.67414864942653,0.220148676060322,0.0134096869099177,1.18263669976146,0.126632650933366,25,"calcium-activated cation channel activity"
"GO:0015079",0.975,0.0402,0.7331,2e-04,3.16502433005761,6.41632370232278,0.64115539599625,0.549711732470526,2.03700596596127,2.1179854943301,158,"potassium ion transmembrane transporter activity"
"GO:0005244",0.9924,0.0414,0.8325,2e-04,3.15398504043534,6.54331214539689,0.648773980470329,0.605481174776003,2.04453963613708,2.23070096286721,172,"voltage-gated monoatomic ion channel activity"
"GO:0022832",0.9924,0.0414,0.8325,2e-04,3.15398504043534,6.54331214539689,0.648773980470329,0.605481174776003,2.04453963613708,2.23070096286721,173,"voltage-gated channel activity"
"GO:0015662",0.2594,0.0104,0.0182,0,3.12860555493396,2.95491027903374,0.220289125018361,0.0180363624860986,1.18032584050646,0.167207918983906,24,"P-type ion transporter activity"
"GO:0140358",0.2594,0.0104,0.0182,0,3.12860555493396,2.95491027903374,0.220289125018361,0.0180363624860986,1.18032584050646,0.167207918983906,24,"P-type transmembrane transporter activity"
"GO:0005217",0.2546,0.0104,0.01,0,3.11000036710293,2.39789527279837,0.216470504626362,0.00995033085316809,1.16688025979711,0.0953101798043247,30,"intracellular ligand-gated monoatomic ion channel activity"
"GO:0030296",0.2521,0.0103,0.0083,0,3.10898194183278,2.23001440015921,0.214574825241215,0.00826574441703259,1.16071129990155,0.0797349680188535,32,"protein tyrosine kinase activator activity"
"GO:0042562",0.4781,0.0205,0.0937,1e-04,3.10385640875546,4.45540382038771,0.370464775968128,0.0894664483587099,1.56809711115772,0.660140884091775,92,"hormone binding"
"GO:0042805",0.2527,0.0104,0.0046,0,3.10253911120479,1.7227665977411,0.214954929813865,0.00458945233380722,1.16150770339901,0.044973365642731,36,"actinin binding"
"GO:0051393",0.2527,0.0104,0.0097,0,3.10253911120479,2.37024374146786,0.214954929813865,0.00965325702813835,1.16150770339901,0.0925791812930932,28,"alpha-actinin binding"
"GO:0005544",0.6503,0.0297,0.1412,1e-04,3.0547077109592,4.86192433756482,0.471689591886817,0.131980345356874,1.75524903522928,0.879456778531855,52,"calcium-dependent phospholipid binding"
"GO:0019905",0.347,0.0155,0.051,0,3.04884209886794,3.95124371858143,0.282498795389925,0.049742091894814,1.35328806465172,0.412109650826833,66,"syntaxin binding"
"GO:0015106",0.2581,0.0115,0.0098,0,3.03148544325981,2.37954613413017,0.218168268749285,0.0097522914426783,1.16678768610421,0.093490343087339,29,"bicarbonate transmembrane transporter activity"
"GO:0000146",0.2505,0.0114,0.0034,0,3.0097465169288,1.48160454092422,0.212207961671791,0.00339423306801562,1.14623337898146,0.0334347760862374,37,"microfilament motor activity"
"GO:0005385",0.257,0.0118,0.0149,0,3.00351441399605,2.76631910922619,0.216997006732412,0.0147900854726353,1.16102422105864,0.138891998866619,24,"zinc ion transmembrane transporter activity"
"GO:0005251",0.7523,0.0365,0.276,0,3.00012262185528,5.62401750618734,0.525079557838539,0.243730184922598,1.83161396290324,1.3244189574018,28,"delayed rectifier potassium channel activity"
"GO:0008227",0.4379,0.0212,0.0903,0,2.98417930781595,4.51415078760092,0.342205309466366,0.0864528877301991,1.49023059564398,0.643431588314013,39,"G protein-coupled amine receptor activity"
"GO:0005248",0.5442,0.0271,0.1407,0,2.96538312348268,4.95371214669663,0.407766679702957,0.131642109051715,1.62303505870169,0.878381158800935,22,"voltage-gated sodium channel activity"
"GO:0043178",0.4828,0.0242,0.0508,0,2.95482760365855,3.94739014926544,0.370020372248127,0.0495517788292477,1.54595090482167,0.410784269585764,90,"alcohol binding"
"GO:0005246",0.4335,0.022,0.0716,2e-04,2.9387017287763,4.1026433650368,0.338357514559775,0.0689528786856505,1.47543802600855,0.537997998403097,47,"calcium channel regulator activity"
"GO:0008200",0.5257,0.027,0.0542,0,2.93442661631414,4.01096295328305,0.395811390190598,0.0527821854389695,1.59468393654573,0.433080275141138,37,"ion channel inhibitor activity"
"GO:0022824",0.4389,0.0226,0.0387,0,2.92530071632311,3.68135118769314,0.341530529123473,0.0379699312516286,1.48060300143734,0.327143141332694,58,"transmitter-gated monoatomic ion channel activity"
"GO:0022835",0.4389,0.0226,0.0387,0,2.92530071632311,3.68135118769314,0.341530529123473,0.0379699312516286,1.48060300143734,0.327143141332694,58,"transmitter-gated channel activity"
"GO:0005109",0.2428,0.0122,0.0043,0,2.91613138745485,1.66770682055808,0.205240718738915,0.00429078141715625,1.11686419363503,0.0421011760186353,37,"frizzled binding"
"GO:0015485",0.1928,0.0098,0.0051,0,2.88728056532649,1.80828877117927,0.166551193025713,0.00508703904855721,0.980829253011726,0.049742091894814,53,"cholesterol binding"
"GO:0015459",0.4341,0.0234,0.0803,1e-04,2.88099275742748,4.30283583674944,0.337407057364175,0.0771387853404689,1.46515197587444,0.588452443888097,48,"potassium channel regulator activity"
"GO:0005272",0.4322,0.0238,0.0776,0,2.8603558619559,4.36437169943516,0.335690528549356,0.0747363461140171,1.45835199829309,0.574363644569978,43,"sodium channel activity"
"GO:0000149",0.5335,0.03,0.0723,0,2.84734452597995,4.29456060889261,0.397993902330625,0.0698058742439629,1.58372554930561,0.544066957545793,106,"SNARE binding"
"GO:0001784",0.1944,0.0104,0.0085,4e-04,2.84143538420823,1.91481956198528,0.167297675188699,0.00806415839080254,0.980829253011726,0.0775879657228856,47,"phosphotyrosine residue binding"
"GO:0005546",0.3478,0.0194,0.0173,0,2.83896379118465,2.90690105984738,0.279259414606175,0.0171520588175657,1.32186750320615,0.159564569671338,83,"phosphatidylinositol-4,5-bisphosphate binding"
"GO:0098960",0.35,0.0196,0.0568,0,2.83549514767033,4.05698877567833,0.280694198930515,0.0552454742259785,1.32509474124783,0.449800921928216,67,"postsynaptic neurotransmitter receptor activity"
"GO:0004713",0.4492,0.027,0.0428,0,2.77748741829743,3.7796338173824,0.344369749092364,0.0419094030772096,1.46427558743522,0.356274863917393,138,"protein tyrosine kinase activity"
"GO:0098632",0.1891,0.0111,0.0064,1e-04,2.75434479689169,1.9061698204058,0.16215787134618,0.00627961196370565,0.956341952376716,0.0610358905863691,52,"cell-cell adhesion mediator activity"
"GO:0044325",0.7872,0.0513,0.2746,2e-04,2.71275549369003,5.43662898234555,0.530622655733151,0.24243242389539,1.76880581524185,1.31869060135922,133,"transmembrane transporter binding"
"GO:0005496",0.3416,0.0222,0.0177,0,2.69241130721776,2.92852352386054,0.27190576417482,0.0175451792157489,1.28474544822539,0.16296882827814,107,"steroid binding"
"GO:0019199",0.6216,0.0417,0.1063,1e-04,2.67970533777293,4.58031846983233,0.442559322147387,0.100921119058395,1.62775882205178,0.723161733756031,79,"transmembrane receptor protein kinase activity"
"GO:0008373",0.3519,0.0266,0.0592,0,2.54836895795812,4.09767235231478,0.275258639244157,0.0575139062006066,1.27242840670716,0.464991087422191,21,"sialyltransferase activity"
"GO:1902936",0.3476,0.0267,0.0226,0,2.53249271989263,3.16124671203156,0.271975457227479,0.0223484036637618,1.26207788911068,0.20375683751402,107,"phosphatidylinositol bisphosphate binding"
"GO:0003707",0.3462,0.0277,0.0295,0,2.49300386002062,3.41772668361337,0.269962512945585,0.0290732474857072,1.25108351895994,0.258510695151501,25,"nuclear steroid receptor activity"
"GO:0016248",0.3326,0.027,0.0535,0,2.47773816030939,3.9982007016692,0.260489990199879,0.0521179542621068,1.22562642706037,0.42853038103916,38,"channel inhibitor activity"
"GO:0141110",0.3326,0.027,0.0535,0,2.47773816030939,3.9982007016692,0.260489990199879,0.0521179542621068,1.22562642706037,0.42853038103916,38,"transporter inhibitor activity"
"GO:0005200",0.3422,0.0279,0.018,0,2.47447177249542,2.94443897916644,0.266792172705263,0.017839918128331,1.24051355983855,0.165514438477573,111,"structural constituent of cytoskeleton"
"GO:0015248",0.341,0.0281,0.0098,0,2.46407256288516,2.37954613413017,0.265703165733006,0.0097522914426783,1.23623366654416,0.093490343087339,37,"sterol transporter activity"
"GO:0030594",0.5943,0.0497,0.1326,1e-04,2.46313956956221,4.79954008129822,0.417930359371568,0.124415879697234,1.53427085233365,0.843150553763389,98,"neurotransmitter receptor activity"
"GO:0015271",0.3531,0.0295,0.0292,0,2.45185267550449,3.40784192438082,0.273325008801754,0.0287818014254519,1.2524319705335,0.25619140536041,27,"outward rectifier potassium channel activity"
"GO:0051427",0.0869,0.0068,0,0,2.42207607099559,0,0.0765526233079805,0,0.559615787935423,0,33,"hormone receptor binding"
"GO:0045499",0.3584,0.0312,0.0276,0,2.4124695217991,3.35340671782581,0.275584363932105,0.0272259862535915,1.25101928889054,0.243730184922598,28,"chemorepellent activity"
"GO:0016829",0.2313,0.0203,0.0076,0,2.38932256706098,2.15176220325946,0.187973820117566,0.00757126549631813,1.01303568632522,0.0732504617395925,196,"lyase activity"
"GO:0099604",0.0855,0.007,0,0,2.380702872258,0,0.0750650965997842,0,0.550226047585583,0,27,"ligand-gated calcium channel activity"
"GO:0030276",0.2634,0.0236,0.0073,0,2.37471666503921,2.11625551480255,0.210480674178966,0.00727348396649847,1.07845361093848,0.0704584636485614,56,"clathrin binding"
"GO:0070888",0.2673,0.0242,0.0047,0,2.3652617629142,1.7404661748405,0.212976833059569,0.00468898948613147,1.08428578332624,0.0459289318883997,59,"E-box binding"
"GO:0005080",0.2662,0.0243,0.0127,0,2.35719304592902,2.61739583283408,0.212010836667537,0.0126200313561022,1.08048163372374,0.119559235057639,52,"protein kinase C binding"
"GO:1901981",0.4859,0.0453,0.0388,0,2.35291680209647,3.68386691229039,0.35171672372364,0.0380662008064563,1.39434855597451,0.327863862084613,178,"phosphatidylinositol phosphate binding"
"GO:0019829",0.2708,0.0249,0.0144,0,2.35082353301155,2.73436750941958,0.215051576557844,0.0142973047008244,1.08814941656017,0.134530892957606,53,"ATPase-coupled monoatomic cation transmembrane transporter activity"
"GO:0008081",0.487,0.0458,0.0361,0,2.34443220292955,3.61361696961339,0.351978524706125,0.0354636642755691,1.39278900025354,0.308219723669329,87,"phosphoric diester hydrolase activity"
"GO:0071813",0.0828,0.0071,0,0,2.33656894580964,0,0.072475365086047,0,0.534629681566347,0,29,"lipoprotein particle binding"
"GO:0071814",0.0828,0.0071,0,0,2.33656894580964,0,0.072475365086047,0,0.534629681566347,0,29,"protein-lipid complex binding"
"GO:0045309",0.2716,0.0255,0.0055,0,2.33086078627026,1.87180217690159,0.215095651524212,0.00548493023056975,1.08551224836784,0.0535407669280298,59,"protein phosphorylated amino acid binding"
"GO:0017046",0.2711,0.0255,0.0169,0,2.32902491279702,2.88480071284671,0.214702368788188,0.0167587838149546,1.08416580949471,0.156148682489931,50,"peptide hormone binding"
"GO:0005540",0.0882,0.0079,6e-04,0,2.30482976284787,0.470003629245735,0.0766559966909927,0.000599820071967549,0.55630035488719,0.00598207167754747,24,"hyaluronic acid binding"
"GO:0008093",0.0871,0.0078,2e-04,0,2.30372081145797,0.182321556793955,0.0757438629634569,0.000199980002666245,0.551365574805147,0.00199800266267306,24,"cytoskeletal anchor activity"
"GO:0004112",0.078,0.0069,1e-04,0,2.30258509299405,0.0953101798043249,0.0682311685473733,9.99950003332973e-05,0.509889732261085,0.000999500333083645,26,"cyclic-nucleotide phosphodiesterase activity"
"GO:0004114",0.078,0.0069,0.001,0,2.30258509299405,0.693147180559945,0.0682311685473733,0.000999500333083423,0.509889732261085,0.00995033085316809,24,"3',5'-cyclic-nucleotide phosphodiesterase activity"
"GO:0004115",0.078,0.0069,0.0019,0,2.30258509299405,1.06471073699243,0.0682311685473733,0.00189819728308027,0.509889732261085,0.0188217542405877,22,"3',5'-cyclic-AMP phosphodiesterase activity"
"GO:0047555",0.078,0.0069,0.0014,0,2.30258509299405,0.8754687373539,0.0682311685473733,0.00139902091370741,0.509889732261085,0.0139029051689914,23,"3',5'-cyclic-GMP phosphodiesterase activity"
"GO:0008198",0.0845,0.0076,0,0,2.29675417268325,0,0.0735477857884739,0,0.539228815752898,0,26,"ferrous iron binding"
"GO:0042923",0.0744,0.0066,0,0,2.29465902772162,0,0.0651840508667684,0,0.492267999743135,0,32,"neuropeptide binding"
"GO:0015464",0.0802,0.0072,0.0034,0,2.29278109289743,1.48160454092422,0.0699720054286533,0.00339423306801562,0.519371096537536,0.0334347760862374,22,"acetylcholine receptor activity"
"GO:0051959",0.0838,0.0078,0,0,2.2655438213137,0,0.0727036468855162,0,0.53357055144669,0,28,"dynein light intermediate chain binding"
"GO:0051219",0.165,0.0163,0.0077,2e-04,2.26128128685281,1.98100146886658,0.13655250585608,0.00747052630155357,0.823556766461603,0.0721813955115783,93,"phosphoprotein binding"
"GO:0017080",0.2719,0.0277,0.0405,0,2.25220830494872,3.72569342723665,0.213188549826411,0.039701366851552,1.06894123789253,0.340037302785709,39,"sodium channel regulator activity"
"GO:0005326",0.0864,0.0082,0.0029,0,2.2512917986065,1.3609765531356,0.0747029151559013,0.00289580311202547,0.54391353583911,0.0285874568519125,21,"neurotransmitter transmembrane transporter activity"
"GO:0005484",0.0824,0.0078,0,0,2.24889658788054,0,0.0714110606100805,0,0.525924419165334,0,37,"SNAP receptor activity"
"GO:0043394",0.0852,0.0081,0,0,2.24839576414684,0,0.0736969307248808,0,0.538379597566916,0,36,"proteoglycan binding"
"GO:0030165",0.4816,0.05,0.0428,0,2.24736252046661,3.7796338173824,0.344332420740346,0.0419094030772096,1.35514763212305,0.356274863917393,85,"PDZ domain binding"
"GO:0042910",0.0769,0.0074,0,0,2.22719424702743,0,0.0667137890232849,0,0.499024419090975,0,37,"xenobiotic transmembrane transporter activity"
"GO:0005231",0.0821,0.008,0,0,2.22282012452518,0,0.0709354279462891,0,0.522424759609343,0,36,"excitatory extracellular ligand-gated monoatomic ion channel activity"
"GO:0019213",0.0832,0.0082,0,0,2.21399143719329,0,0.07175306050948,0,0.526597085827649,0,37,"deacetylase activity"
"GO:0045505",0.0794,0.0078,0,0,2.21226245470076,0,0.0686355939380445,0,0.509340291149799,0,37,"dynein intermediate chain binding"
"GO:0035255",0.0852,0.0085,0.0021,0,2.20537837906315,1.1314021114911,0.0733002233905103,0.00209779808214612,0.534686149231565,0.0207825391825286,23,"ionotropic glutamate receptor binding"
"GO:0004364",0.0814,0.0081,0,0,2.20331102339262,0,0.0701891268880085,0,0.517647813035874,0,27,"glutathione transferase activity"
"GO:0051721",0.0836,0.0085,0,0,2.18664246800568,0,0.0718247528166736,0,0.526009305205876,0,29,"protein phosphatase 2A binding"
"GO:0004602",0.0818,0.0084,0.0018,0,2.17571837211526,1.02961941718116,0.070261404123562,0.0017983819413794,0.517079092737833,0.017839918128331,23,"glutathione peroxidase activity"
"GO:0030507",0.0848,0.0088,2e-04,0,2.16963662081739,0.182321556793955,0.0726341325354215,0.000199980002666245,0.529762824785742,0.00199800266267306,26,"spectrin binding"
"GO:0097602",0.0838,0.0088,2e-04,0,2.15791315712133,0.182321556793955,0.0717118784813042,0.000199980002666245,0.524336875499745,0.00199800266267306,26,"cullin family protein binding"
"GO:0016917",0.0871,0.0092,0.0058,0,2.15608481265191,1.91692261218206,0.0743556624430518,0.00578324475572736,0.538462169969239,0.0563803334361077,22,"GABA receptor activity"
"GO:0043425",0.0846,0.009,0,0,2.14710019015365,0,0.0722515140533515,0,0.526843439839608,0,32,"bHLH transcription factor binding"
"GO:0005254",0.2153,0.0247,0.0058,0,2.13017534105784,1.91692261218206,0.170591073071082,0.00578324475572736,0.927613713865024,0.0563803334361077,81,"chloride channel activity"
"GO:0005160",0.0855,0.0093,0,0,2.12800051870224,0,0.0727836890735326,0,0.528958486864997,0,26,"transforming growth factor beta receptor binding"
"GO:0008201",0.3319,0.0388,0.0129,0,2.12397523229059,2.63188884013665,0.248540293418392,0.0128175037106143,1.13516003189395,0.121332285167525,174,"heparin binding"
"GO:0030215",0.0862,0.0095,0.001,0,2.11682907375146,0.693147180559945,0.0732302078478527,0.000999500333083423,0.530896815586411,0.00995033085316809,23,"semaphorin receptor binding"
"GO:0043325",0.0879,0.0099,0,0,2.09874935328476,0,0.0743979163945258,0,0.536339045009844,0,29,"phosphatidylinositol-3,4-bisphosphate binding"
"GO:0015108",0.1618,0.0197,0.003,0,2.06238875329712,1.38629436111989,0.130462060188252,0.00299550897979837,0.782592240911872,0.0295588022415444,118,"chloride transmembrane transporter activity"
"GO:0019894",0.3477,0.0476,0.0441,0,1.97058842277516,3.80888224650863,0.251897602141557,0.0431552703139276,1.10961745308055,0.365337317017385,44,"kinesin binding"
"GO:0042626",0.2229,0.0304,0.0124,0,1.9643916306905,2.59525470695687,0.171278010845235,0.0123237496888319,0.906736028271677,0.116893751471499,97,"ATPase-coupled transmembrane transporter activity"
"GO:0005230",0.2864,0.0404,0.0297,0,1.93759409281366,3.42426265459315,0.212242364850205,0.0292674976805681,1.01237761074665,0.260053905334307,73,"extracellular ligand-gated monoatomic ion channel activity"
"GO:0017022",0.2842,0.0404,0.0172,1e-04,1.92990980770887,2.80611141427842,0.210530701785451,0.0169537595654944,1.00666775874275,0.157712190821737,75,"myosin binding"
"GO:0005507",0.0688,0.0092,1e-04,0,1.9232462894781,0.0953101798043249,0.0573785860154786,9.99950003332973e-05,0.435533518851052,0.000999500333083645,61,"copper ion binding"
"GO:0099529",0.3579,0.0518,0.0422,0,1.91653260744135,3.76584049525006,0.255436406549505,0.0413338634929772,1.10408695470152,0.352064331381049,52,"neurotransmitter receptor activity involved in regulation of postsynaptic membrane potential"
"GO:1904315",0.3579,0.0518,0.0445,0,1.91653260744135,3.8177123259569,0.255436406549505,0.0435383020144834,1.10408695470152,0.368109321564396,50,"transmitter-gated monoatomic ion channel activity involved in regulation of postsynaptic membrane potential"
"GO:1901682",0.0711,0.0097,0,0,1.90781030282304,0,0.0590329007603085,0,0.444498813616963,0,58,"sulfur compound transmembrane transporter activity"
"GO:0033293",0.2732,0.0405,0.0092,1e-04,1.88816433989156,2.2270775404859,0.201832049574249,0.0090579427844325,0.976906980199388,0.0870113769896297,80,"monocarboxylic acid binding"
"GO:0035254",0.3551,0.053,0.0508,0,1.88622754371946,3.94739014926544,0.252232019194693,0.0495517788292477,1.09007925363016,0.410784269585764,44,"glutamate receptor binding"
"GO:0005179",0.1745,0.026,0.0076,0,1.87180217690159,2.15176220325946,0.135174778368253,0.00757126549631813,0.778669353998107,0.0732504617395925,124,"hormone activity"
"GO:0030374",0.0692,0.0099,2e-04,0,1.86258552179667,0.182321556793955,0.0570593892322526,0.000199980002666245,0.431510585762547,0.00199800266267306,55,"nuclear receptor coactivator activity"
"GO:0016597",0.0709,0.0103,8e-04,0,1.85047353900871,0.587786664902119,0.0582520999731428,0.000799680170564244,0.437874663862088,0.00796816964917688,50,"amino acid binding"
"GO:0016836",0.0645,0.0093,2e-04,0,1.84990624740562,0.182321556793955,0.0532481840887203,0.000199980002666245,0.408814175022934,0.00199800266267306,60,"hydro-lyase activity"
"GO:0005501",0.177,0.0271,0.0096,0,1.84601397395239,2.36085400111802,0.136229531088518,0.00955421280481171,0.77904332799193,0.0916671885258237,38,"retinoid binding"
"GO:0019840",0.177,0.0271,0.0096,0,1.84601397395239,2.36085400111802,0.136229531088518,0.00955421280481171,0.77904332799193,0.0916671885258237,38,"isoprenoid binding"
"GO:0070063",0.0722,0.0111,2e-04,0,1.79998996836457,0.182321556793955,0.058673765296084,0.000199980002666245,0.438225895348046,0.00199800266267306,57,"RNA polymerase binding"
"GO:0016763",0.0709,0.011,4e-04,0,1.790369614939,0.336472236621213,0.057559476386358,0.000399920021326891,0.431548388809211,0.00399202126953746,49,"pentosyltransferase activity"
"GO:0019205",0.075,0.0117,9e-04,0,1.78913134682179,0.641853886172395,0.0606885773499184,0.000899595242835994,0.448969267848359,0.0089597413714718,41,"nucleobase-containing compound kinase activity"
"GO:0005547",0.0718,0.0113,0.0012,0,1.77811669282427,0.78845736036427,0.0581028461526252,0.00119928057548219,0.434101751268656,0.0119285708652738,40,"phosphatidylinositol-3,4,5-trisphosphate binding"
"GO:0140359",0.0713,0.0114,1e-04,0,1.76312765655373,0.0953101798043249,0.0575373546226296,9.99950003332973e-05,0.430289077836891,0.000999500333083645,48,"ABC-type transporter activity"
"GO:0005504",0.0698,0.0113,6e-04,0,1.7502597383213,0.470003629245735,0.056235083189025,0.000599820071967549,0.422392015595748,0.00598207167754747,48,"fatty acid binding"
"GO:0140828",0.0739,0.0124,5e-04,0,1.72089918356631,0.405465108108164,0.0589731321932019,0.000499875041650993,0.436416483900647,0.00498754151103897,41,"metal cation:monoatomic cation antiporter activity"
"GO:0009975",0.1616,0.0283,0.0109,0,1.71370568109069,2.47653840011748,0.121891411835387,0.0108410231778748,0.712445347961453,0.10345870836823,21,"cyclase activity"
"GO:0030547",0.1631,0.0287,0.0016,0,1.70932895228739,0.955511445027436,0.122792985208009,0.00159872136369707,0.715050073444166,0.0158733491562902,30,"signaling receptor inhibitor activity"
"GO:0046875",0.1707,0.0313,0.0015,0,1.67068153767482,0.916290731874155,0.126781718163603,0.00149887612373595,0.723526415311505,0.0148886124937506,27,"ephrin receptor binding"
"GO:0098918",0.1665,0.0308,0.0018,0,1.66151706147899,1.02961941718116,0.123672612683275,0.0017983819413794,0.711704804582801,0.017839918128331,26,"structural constituent of synapse"
"GO:0008066",0.1688,0.0313,0.0034,0,1.65955404364864,1.48160454092422,0.125157439114466,0.00339423306801562,0.716482827340244,0.0334347760862374,27,"glutamate receptor activity"
"GO:0016776",0.1647,0.0306,0.0013,0,1.65702180383965,0.832909122935104,0.122322386214482,0.00129915573162013,0.706457892390725,0.0129162252665462,35,"phosphotransferase activity, phosphate group as acceptor"
"GO:0050145",0.1647,0.0306,0.0159,0,1.65702180383965,2.82731362192903,0.122322386214482,0.0157749191153622,0.706457892390725,0.147557564357615,20,"nucleoside monophosphate kinase activity"
"GO:0001972",0.1617,0.0302,0.0168,0,1.65148991940956,2.87919845729804,0.120131491387944,0.0166604408931072,0.698127079761631,0.155292884406035,20,"retinoic acid binding"
"GO:0016638",0.1582,0.0299,0.0161,0,1.63940508950658,2.83907846350861,0.117405365659933,0.0159717695096987,0.686969554735988,0.149281702715754,20,"oxidoreductase activity, acting on the CH-NH2 group of donors"
"GO:0003725",0.0537,0.0098,4e-04,1e-04,1.62231757529776,0.241162056816888,0.0425554881806666,0.000299925020993677,0.33634212146912,0.00299252093645393,73,"double-stranded RNA binding"
"GO:0043548",0.163,0.0314,0.0022,0,1.62170800502591,1.16315080980568,0.120085770901806,0.0021975835434872,0.693907926127254,0.0217614917815127,25,"phosphatidylinositol 3-kinase binding"
"GO:0005242",0.1618,0.0316,0.0033,0,1.60821016519578,1.45861502269952,0.118859531551242,0.00329456694943011,0.687813834584583,0.0324671901375014,27,"inward rectifier potassium channel activity"
"GO:0001618",0.06,0.0113,2e-04,2e-04,1.60127460179494,0,0.0470322761979881,0,0.362944556952328,0,79,"virus receptor activity"
"GO:0140272",0.06,0.0113,2e-04,2e-04,1.60127460179494,0,0.0470322761979881,0,0.362944556952328,0,80,"exogenous protein binding"
"GO:0099095",0.1641,0.0336,0.0204,0,1.5626976688624,3.06339092202781,0.118900402225858,0.0201947072855193,0.681477558200541,0.185649346886629,21,"ligand-gated monoatomic anion channel activity"
"GO:0005178",0.2328,0.0481,0.0121,1e-04,1.56060701423749,2.47730205040278,0.162309003829774,0.0119273852123851,0.8096539876733,0.113221643756939,157,"integrin binding"
"GO:0005518",0.0546,0.0107,0.0013,0,1.55859435945283,0.832909122935104,0.0425183880157525,0.00129915573162013,0.33401729643873,0.0129162252665462,68,"collagen binding"
"GO:0048306",0.0531,0.0105,1e-04,1e-04,1.54848715048323,0,0.0412929375428759,0,0.326075781705831,0,78,"calcium-dependent protein binding"
"GO:0005201",0.2244,0.0488,0.0066,1e-04,1.50986161757507,1.93283806748796,0.154804274621767,0.00647832035978923,0.779374199842266,0.0629138254105692,166,"extracellular matrix structural constituent"
"GO:0030145",0.063,0.0134,8e-04,0,1.49165487677772,0.587786664902119,0.0477840853001385,0.000799680170564244,0.362828809513111,0.00796816964917688,65,"manganese ion binding"
"GO:0015081",0.2305,0.0522,0.0188,0,1.47052147717869,2.98568193770049,0.156537380534404,0.0186254641231648,0.775411213864156,0.172271220940453,157,"sodium ion transmembrane transporter activity"
"GO:0046915",0.1269,0.0285,0.0046,0,1.46685844523902,1.7227665977411,0.0913690698652919,0.00458945233380722,0.568580487450522,0.044973365642731,42,"transition metal ion transmembrane transporter activity"
"GO:0004601",0.1242,0.0283,0.001,0,1.45232494264298,0.693147180559945,0.0891647183328298,0.000999500333083423,0.558167239016469,0.00995033085316809,57,"peroxidase activity"
"GO:0016684",0.1242,0.0283,6e-04,0,1.45232494264298,0.470003629245735,0.0891647183328298,0.000599820071967549,0.558167239016469,0.00598207167754747,59,"oxidoreductase activity, acting on peroxide as acceptor"
"GO:0051018",0.1256,0.0289,0.0013,0,1.44317402931343,0.832909122935104,0.0898259564184149,0.00129915573162013,0.559726609678762,0.0129162252665462,53,"protein kinase A binding"
"GO:0043621",0.103,0.0247,0.0023,0,1.3978999072402,1.19392246847243,0.0736338534478302,0.00229735904868346,0.487295126355797,0.0227394869694893,72,"protein self-association"
"GO:0030020",0.1244,0.03,0.0036,0,1.39752142371367,1.52605630349505,0.0876907578086953,0.00359353551013022,0.545895723192959,0.0353671438372913,45,"extracellular matrix structural constituent conferring tensile strength"
"GO:0032266",0.1252,0.0305,0.0033,0,1.38788040427553,1.45861502269952,0.0879166762851882,0.00329456694943011,0.545615669502787,0.0324671901375014,45,"phosphatidylinositol-3-phosphate binding"
"GO:0001540",0.0988,0.0242,5e-04,1e-04,1.37632418880004,0.310154928303839,0.0703068551926688,0.000399880041317806,0.470406124723095,0.00398804117795541,85,"amyloid-beta binding"
"GO:0008188",0.1204,0.0298,0.0025,0,1.37157618864587,1.25276296849537,0.0843211557739125,0.00249688019858715,0.52944927300877,0.0246926125903714,47,"neuropeptide receptor activity"
"GO:0032934",0.0977,0.0241,0.0029,0,1.3692171003017,1.3609765531356,0.0694029036118789,0.00289580311202547,0.46566303796601,0.0285874568519125,67,"sterol binding"
"GO:0016209",0.0981,0.0243,4e-04,0,1.36532504560247,0.336472236621213,0.0695719611611787,0.000399920021326891,0.46607395518784,0.00399202126953746,85,"antioxidant activity"
"GO:0004620",0.0782,0.0194,5e-04,0,1.35644139797021,0.405465108108164,0.056078765111627,0.000499875041650993,0.400427314078207,0.00498754151103897,104,"phospholipase activity"
"GO:0003774",0.08,0.0203,3e-04,0,1.33574208195706,0.262364264467491,0.056864339437006,0.000299955008997942,0.402968227909577,0.00299550897979837,111,"cytoskeletal motor activity"
"GO:0016835",0.0953,0.0249,8e-04,0,1.31322535009859,0.587786664902119,0.0664332514921837,0.000799680170564244,0.447023420751101,0.00796816964917688,77,"carbon-oxygen lyase activity"
"GO:0001221",0.078,0.0219,2e-04,1e-04,1.23831094190683,0.0870113769896299,0.0534438328507792,9.9985002332975e-05,0.378582513804859,0.0009985023295896,114,"transcription coregulator binding"
"GO:0015171",0.0775,0.0222,7e-04,0,1.2189463461161,0.53062825106217,0.0526863756437235,0.000699755114273265,0.373311562177976,0.00697561373642536,100,"amino acid transmembrane transporter activity"
"GO:0030971",0.1497,0.0436,0.0013,0,1.21755724660643,0.832909122935104,0.096824764497121,0.00129915573162013,0.553228540671604,0.0129162252665462,80,"receptor tyrosine kinase binding"
"GO:0005253",0.0833,0.0247,0.0036,0,1.18789087310664,1.52605630349505,0.0556120511458495,0.00359353551013022,0.385213302159669,0.0353671438372913,94,"monoatomic anion channel activity"
"GO:0019842",0.0564,0.0165,1e-04,0,1.18784342239605,0.0953101798043249,0.0385015473545759,9.99950003332973e-05,0.294525555105455,0.000999500333083645,148,"vitamin binding"
"GO:0001786",0.151,0.0455,0.0069,0,1.18442820825297,2.06686275947298,0.0961358898531943,0.00687630393943206,0.545276852520237,0.0667236320429081,68,"phosphatidylserine binding"
"GO:0019209",0.0608,0.0181,2e-04,0,1.17421502941106,0.182321556793955,0.0410851953184479,0.000199980002666245,0.308629633541549,0.00199800266267306,135,"kinase activator activity"
"GO:0097110",0.1472,0.0454,0.0067,0,1.16126325362978,2.04122032885964,0.0929246035665343,0.0066776547532405,0.530709160484117,0.0648509723196163,70,"scaffold protein binding"
"GO:0008509",0.097,0.0302,0.0016,0,1.14454938385514,0.955511445027436,0.0628262231437454,0.00159872136369707,0.41413199896352,0.0158733491562902,139,"monoatomic anion transmembrane transporter activity"
"GO:0098631",0.1465,0.0466,0.0079,0,1.1309954145425,2.18605127673809,0.0911670083598519,0.0078689583786952,0.519654204030194,0.0760346862759976,67,"cell adhesion mediator activity"
"GO:0072341",0.1178,0.0377,0.003,0,1.12160180689281,1.38629436111989,0.0743557422243648,0.00299550897979837,0.458499804764251,0.0295588022415444,99,"modified amino acid binding"
"GO:0051117",0.153,0.0494,0.0016,0,1.11696142733631,0.955511445027436,0.0941486690164478,0.00159872136369707,0.526762216028803,0.0158733491562902,84,"ATPase binding"
"GO:0016922",0.0897,0.0293,6e-04,1e-04,1.09640964460577,0.374693449441411,0.0570234694503267,0.000499825071634168,0.383308591163157,0.00498257134446387,136,"nuclear receptor binding"
"GO:0004721",0.0675,0.0227,0,0,1.06135869712709,0,0.0428732772908124,0,0.311240999548255,0,180,"phosphoprotein phosphatase activity"
"GO:0015297",0.0958,0.0325,0.0013,0,1.06110155545151,0.832909122935104,0.0595016442691276,0.00129915573162013,0.390511084670133,0.0129162252665462,133,"antiporter activity"
"GO:0043531",0.0244,0.0079,0,0,1.0486978972864,0,0.0162381169645378,0,0.14229730804099,0,38,"ADP binding"
"GO:0019208",0.1217,0.0428,0.0016,1e-04,1.03010853433447,0.860201265223111,0.072935988591831,0.00149872636336375,0.439880066716782,0.0148738488232067,104,"phosphatase regulator activity"
"GO:0008528",0.1346,0.049,0.0045,1e-04,0.997686370078149,1.6094379124341,0.0784428364961697,0.00438991027251881,0.453935630273916,0.0430173850836909,123,"G protein-coupled peptide receptor activity"
"GO:0001653",0.1328,0.049,0.0029,1e-04,0.984323142265982,1.26566637333128,0.0768551145431582,0.00279580811169228,0.446233409911824,0.027587956518829,129,"peptide receptor activity"
"GO:0016709",0.0257,0.0097,0,0,0.914419823938343,0,0.01572204930309,0,0.136148748315017,0,38,"oxidoreductase activity, acting on paired donors, with incorporation or reduction of molecular oxygen, NAD(P)H as one donor, and incorporation of one atom of oxygen"
"GO:0031406",0.1102,0.0468,0.0019,1e-04,0.844304742319072,0.969400557188103,0.0588022876000702,0.00179820228274702,0.358988342262435,0.0178222539075043,194,"carboxylic acid binding"
"GO:0015103",0.0825,0.0513,0.001,0,0.467850260785933,0.693147180559945,0.0292456872948598,0.000999500333083423,0.187485552228236,0.00995033085316809,151,"inorganic anion transmembrane transporter activity"
"GO:0019888",0.0556,0.0481,7e-04,1e-04,0.142149950408662,0.435318071257845,0.00713032445303747,0.000599760113939911,0.0494008904705381,0.00597611340334173,92,"protein phosphatase regulator activity"
"GO:1990782",0.0189,0.0183,0,0,0.0306146358196067,0,0.000589043802619937,0,0.00505903271239498,0,123,"protein tyrosine kinase binding"
"GO:0015179",0.0313,0.031,3e-04,0,0.00933132742888444,0.262364264467491,0.000290937305063469,0.000299955008997942,0.00228745810759884,0.00299550897979837,65,"L-amino acid transmembrane transporter activity"
"GO:0050997",0.0324,0.0321,7e-04,0,0.00902261759963755,0.53062825106217,0.000290627272571203,0.000699755114273265,0.00226843197462827,0.00697561373642536,39,"quaternary ammonium group binding"
"GO:0016799",0.0288,0.0287,2e-04,0,0.00336134770270471,0.182321556793955,9.72053463705395e-05,0.000199980002666245,0.000776699068172198,0.00199800266267306,39,"hydrolase activity, hydrolyzing N-glycosyl compounds"
"GO:0000030",0.0275,0.0275,0,0,0,0,0,0,0,0,24,"mannosyltransferase activity"
"GO:0000049",0,0,0,0,0,0,0,0,0,0,80,"tRNA binding"
"GO:0000175",0,0,0,0,0,0,0,0,0,0,36,"3'-5'-RNA exonuclease activity"
"GO:0000217",0,0,0,0,0,0,0,0,0,0,39,"DNA secondary structure binding"
"GO:0000295",0,0,0,0,0,0,0,0,0,0,25,"adenine nucleotide transmembrane transporter activity"
"GO:0000979",0,0,0,0,0,0,0,0,0,0,20,"RNA polymerase II core promoter sequence-specific DNA binding"
"GO:0000993",0.0273,0.0273,0,0,0,0,0,0,0,0,36,"RNA polymerase II complex binding"
"GO:0001046",0.0291,0.0291,1e-04,0,0,0.0953101798043249,0,9.99950003332973e-05,0,0.000999500333083645,41,"core promoter sequence-specific DNA binding"
"GO:0001091",0,0,0,0,0,0,0,0,0,0,25,"RNA polymerase II general transcription initiation factor binding"
"GO:0001098",0.0079,0.0079,0,0,0,0,0,0,0,0,61,"basal transcription machinery binding"
"GO:0001099",0.0079,0.0079,0,0,0,0,0,0,0,0,61,"basal RNA polymerase II transcription machinery binding"
"GO:0001222",0.0071,0.0071,0,0,0,0,0,0,0,0,47,"transcription corepressor binding"
"GO:0001223",0.0322,0.0322,0,0,0,0,0,0,0,0,44,"transcription coactivator binding"
"GO:0001530",0,0,0,0,0,0,0,0,0,0,39,"lipopolysaccharide binding"
"GO:0001614",0,0,0,0,0,0,0,0,0,0,20,"purinergic nucleotide receptor activity"
"GO:0001637",0,0,0,0,0,0,0,0,0,0,26,"G protein-coupled chemoattractant receptor activity"
"GO:0001671",0,0,0,0,0,0,0,0,0,0,26,"ATPase activator activity"
"GO:0001846",0,0,0,0,0,0,0,0,0,0,21,"opsonin binding"
"GO:0001848",0,0,0,0,0,0,0,0,0,0,26,"complement binding"
"GO:0001968",0,0,0,0,0,0,0,0,0,0,30,"fibronectin binding"
"GO:0003735",0,0,0,0,0,0,0,0,0,0,159,"structural constituent of ribosome"
"GO:0003743",0,0,0,0,0,0,0,0,0,0,51,"translation initiation factor activity"
"GO:0003755",0,0,0,0,0,0,0,0,0,0,39,"peptidyl-prolyl cis-trans isomerase activity"
"GO:0003785",0.027,0.027,0,0,0,0,0,0,0,0,29,"actin monomer binding"
"GO:0003823",0,0,0,0,0,0,0,0,0,0,65,"antigen binding"
"GO:0003841",0,0,0,0,0,0,0,0,0,0,21,"1-acylglycerol-3-phosphate O-acyltransferase activity"
"GO:0003887",0,0,0,0,0,0,0,0,0,0,24,"DNA-directed DNA polymerase activity"
"GO:0003899",0,0,0,0,0,0,0,0,0,0,30,"DNA-directed 5'-3' RNA polymerase activity"
"GO:0003925",0.0323,0.0323,0,0,0,0,0,0,0,0,44,"G protein activity"
"GO:0003950",0,0,0,0,0,0,0,0,0,0,23,"NAD+ ADP-ribosyltransferase activity"
"GO:0003954",0,0,0,0,0,0,0,0,0,0,44,"NADH dehydrogenase activity"
"GO:0003955",0,0,0,0,0,0,0,0,0,0,45,"NAD(P)H dehydrogenase (quinone) activity"
"GO:0004033",0,0,0,0,0,0,0,0,0,0,30,"aldo-keto reductase (NADP) activity"
"GO:0004177",0,0,0,0,0,0,0,0,0,0,39,"aminopeptidase activity"
"GO:0004180",0.0063,0.0063,0,0,0,0,0,0,0,0,44,"carboxypeptidase activity"
"GO:0004181",0,0,0,0,0,0,0,0,0,0,28,"metallocarboxypeptidase activity"
"GO:0004190",0,0,0,0,0,0,0,0,0,0,26,"aspartic-type endopeptidase activity"
"GO:0004222",0.0103,0.0103,0,0,0,0,0,0,0,0,109,"metalloendopeptidase activity"
"GO:0004402",0,0,0,0,0,0,0,0,0,0,43,"histone acetyltransferase activity"
"GO:0004407",0.0277,0.0277,0,0,0,0,0,0,0,0,21,"histone deacetylase activity"
"GO:0004497",0.0119,0.0119,0,1e-04,0,-0.0953101798043249,0,-9.99950003333249e-05,0,-0.00099950033308361,101,"monooxygenase activity"
"GO:0004520",0,0,0,0,0,0,0,0,0,0,41,"DNA endonuclease activity"
"GO:0004521",0,0,0,0,0,0,0,0,0,0,67,"RNA endonuclease activity"
"GO:0004529",0,0,0,0,0,0,0,0,0,0,26,"DNA exonuclease activity"
"GO:0004532",0,0,0,0,0,0,0,0,0,0,42,"RNA exonuclease activity"
"GO:0004536",0,0,0,0,0,0,0,0,0,0,63,"DNA nuclease activity"
"GO:0004622",0,0,0,0,0,0,0,0,0,0,24,"lysophospholipase activity"
"GO:0004623",0,0,0,0,0,0,0,0,0,0,35,"phospholipase A2 activity"
"GO:0004693",0.0258,0.0258,0,0,0,0,0,0,0,0,29,"cyclin-dependent protein serine/threonine kinase activity"
"GO:0004709",0,0,0,0,0,0,0,0,0,0,26,"MAP kinase kinase kinase activity"
"GO:0004712",0.0074,0.0074,0,0,0,0,0,0,0,0,43,"protein serine/threonine/tyrosine kinase activity"
"GO:0004715",0.0329,0.0329,0,0,0,0,0,0,0,0,45,"non-membrane spanning protein tyrosine kinase activity"
"GO:0004722",0.0102,0.0102,0,1e-04,0,-0.0953101798043249,0,-9.99950003333249e-05,0,-0.00099950033308361,104,"protein serine/threonine phosphatase activity"
"GO:0004745",0,0,0,0,0,0,0,0,0,0,20,"NAD-retinol dehydrogenase activity"
"GO:0004806",0.0267,0.0267,0,0,0,0,0,0,0,0,24,"triglyceride lipase activity"
"GO:0004812",0,0,0,0,0,0,0,0,0,0,41,"aminoacyl-tRNA ligase activity"
"GO:0004860",0.0094,0.0094,0,0,0,0,0,0,0,0,73,"protein kinase inhibitor activity"
"GO:0004864",0.0319,0.0319,0,0,0,0,0,0,0,0,44,"protein phosphatase inhibitor activity"
"GO:0004869",0,0,0,0,0,0,0,0,0,0,35,"cysteine-type endopeptidase inhibitor activity"
"GO:0004896",0.0259,0.0259,1e-04,0,0,0.0953101798043249,0,9.99950003332973e-05,0,0.000999500333083645,96,"cytokine receptor activity"
"GO:0004950",0,0,0,0,0,0,0,0,0,0,26,"chemokine receptor activity"
"GO:0005044",0,0,0,0,0,0,0,0,0,0,26,"scavenger receptor activity"
"GO:0005104",0.0278,0.0278,0,0,0,0,0,0,0,0,25,"fibroblast growth factor receptor binding"
"GO:0005112",0,0,0,0,0,0,0,0,0,0,26,"Notch binding"
"GO:0005123",0,0,0,0,0,0,0,0,0,0,21,"death receptor binding"
"GO:0005154",0.0255,0.0255,0,0,0,0,0,0,0,0,35,"epidermal growth factor receptor binding"
"GO:0005158",0,0,0,0,0,0,0,0,0,0,22,"insulin receptor binding"
"GO:0005164",0,0,0,0,0,0,0,0,0,0,31,"tumor necrosis factor receptor binding"
"GO:0005212",0,0,0,0,0,0,0,0,0,0,23,"structural constituent of eye lens"
"GO:0005243",0,0,0,0,0,0,0,0,0,0,21,"gap junction channel activity"
"GO:0005283",0,0,0,0,0,0,0,0,0,0,23,"amino acid:sodium symporter activity"
"GO:0005310",0.027,0.027,0,0,0,0,0,0,0,0,30,"dicarboxylic acid transmembrane transporter activity"
"GO:0005319",0.049,0.049,1e-04,0,0,0.0953101798043249,0,9.99950003332973e-05,0,0.000999500333083645,171,"lipid transporter activity"
"GO:0005343",0,0,0,0,0,0,0,0,0,0,37,"organic acid:sodium symporter activity"
"GO:0005346",0,0,0,0,0,0,0,0,0,0,22,"purine ribonucleotide transmembrane transporter activity"
"GO:0005355",0,0,0,0,0,0,0,0,0,0,24,"glucose transmembrane transporter activity"
"GO:0005416",0,0,0,0,0,0,0,0,0,0,29,"amino acid:monoatomic cation symporter activity"
"GO:0005452",0.0276,0.0276,0,0,0,0,0,0,0,0,28,"solute:inorganic anion antiporter activity"
"GO:0005537",0.0289,0.0289,0,0,0,0,0,0,0,0,25,"mannose binding"
"GO:0005548",0,0,0,0,0,0,0,0,0,0,63,"phospholipid transporter activity"
"GO:0005549",0,0,0,0,0,0,0,0,0,0,116,"odorant binding"
"GO:0008009",0,0,0,0,0,0,0,0,0,0,49,"chemokine activity"
"GO:0008013",0.0117,0.0117,0,0,0,0,0,0,0,0,86,"beta-catenin binding"
"GO:0008106",0,0,0,0,0,0,0,0,0,0,23,"alcohol dehydrogenase (NADP+) activity"
"GO:0008137",0,0,0,0,0,0,0,0,0,0,41,"NADH dehydrogenase (ubiquinone) activity"
"GO:0008138",0,0,0,0,0,0,0,0,0,0,43,"protein tyrosine/serine/threonine phosphatase activity"
"GO:0008139",0,0,0,0,0,0,0,0,0,0,24,"nuclear localization sequence binding"
"GO:0008143",0,0,0,0,0,0,0,0,0,0,26,"poly(A) binding"
"GO:0008146",0.0322,0.0322,0,0,0,0,0,0,0,0,53,"sulfotransferase activity"
"GO:0008157",0,0,0,0,0,0,0,0,0,0,25,"protein phosphatase 1 binding"
"GO:0008171",0,0,0,0,0,0,0,0,0,0,21,"O-methyltransferase activity"
"GO:0008173",0,0,0,0,0,0,0,0,0,0,63,"RNA methyltransferase activity"
"GO:0008175",0,0,0,0,0,0,0,0,0,0,33,"tRNA methyltransferase activity"
"GO:0008187",0,0,0,0,0,0,0,0,0,0,30,"poly-pyrimidine tract binding"
"GO:0008235",0,0,0,0,0,0,0,0,0,0,64,"metalloexopeptidase activity"
"GO:0008238",0.0103,0.0103,0,2e-04,0,-0.182321556793955,0,-0.000199980002666245,0,-0.00199800266267311,98,"exopeptidase activity"
"GO:0008266",0,0,0,0,0,0,0,0,0,0,27,"poly(U) RNA binding"
"GO:0008307",0.0326,0.0326,0,0,0,0,0,0,0,0,42,"structural constituent of muscle"
"GO:0008320",0,0,0,0,0,0,0,0,0,0,27,"protein transmembrane transporter activity"
"GO:0008327",0,0,0,0,0,0,0,0,0,0,31,"methyl-CpG binding"
"GO:0008375",0.008,0.008,0,0,0,0,0,0,0,0,45,"acetylglucosaminyltransferase activity"
"GO:0008376",0.0258,0.0258,0,0,0,0,0,0,0,0,34,"acetylgalactosaminyltransferase activity"
"GO:0008378",0,0,0,0,0,0,0,0,0,0,31,"galactosyltransferase activity"
"GO:0008395",0,0,0,0,0,0,0,0,0,0,26,"steroid hydroxylase activity"
"GO:0008408",0,0,0,0,0,0,0,0,0,0,60,"3'-5' exonuclease activity"
"GO:0008483",0,0,0,0,0,0,0,0,0,0,25,"transaminase activity"
"GO:0008527",0,0,0,0,0,0,0,0,0,0,25,"taste receptor activity"
"GO:0008649",0,0,0,0,0,0,0,0,0,0,22,"rRNA methyltransferase activity"
"GO:0008656",0,0,0,0,0,0,0,0,0,0,20,"cysteine-type endopeptidase activator activity involved in apoptotic process"
"GO:0010485",0,0,0,0,0,0,0,0,0,0,22,"histone H4 acetyltransferase activity"
"GO:0015020",0.0283,0.0283,0,0,0,0,0,0,0,0,34,"glucuronosyltransferase activity"
"GO:0015026",0.0082,0.0082,0,0,0,0,0,0,0,0,57,"coreceptor activity"
"GO:0015035",0,0,0,0,0,0,0,0,0,0,33,"protein-disulfide reductase activity"
"GO:0015036",0,0,0,0,0,0,0,0,0,0,39,"disulfide oxidoreductase activity"
"GO:0015101",0,0,0,0,0,0,0,0,0,0,36,"organic cation transmembrane transporter activity"
"GO:0015125",0,0,0,0,0,0,0,0,0,0,20,"bile acid transmembrane transporter activity"
"GO:0015144",0,0,0,0,0,0,0,0,0,0,40,"carbohydrate transmembrane transporter activity"
"GO:0015145",0,0,0,0,0,0,0,0,0,0,26,"monosaccharide transmembrane transporter activity"
"GO:0015149",0,0,0,0,0,0,0,0,0,0,24,"hexose transmembrane transporter activity"
"GO:0015175",0,0,0,0,0,0,0,0,0,0,42,"neutral L-amino acid transmembrane transporter activity"
"GO:0015215",0,0,0,0,0,0,0,0,0,0,32,"nucleotide transmembrane transporter activity"
"GO:0015216",0,0,0,0,0,0,0,0,0,0,28,"purine nucleotide transmembrane transporter activity"
"GO:0015252",0,0,0,0,0,0,0,0,0,0,26,"proton channel activity"
"GO:0015295",0,0,0,0,0,0,0,0,0,0,24,"solute:proton symporter activity"
"GO:0015296",0,0,0,0,0,0,0,0,0,0,25,"monoatomic anion:monoatomic cation symporter activity"
"GO:0015370",0,0,0,0,0,0,0,0,0,0,79,"solute:sodium symporter activity"
"GO:0015377",0,0,0,0,0,0,0,0,0,0,22,"chloride:monoatomic cation symporter activity"
"GO:0015399",0.0503,0.0503,2e-04,0,0,0.182321556793955,0,0.000199980002666245,0,0.00199800266267306,163,"primary active transmembrane transporter activity"
"GO:0015453",0,0,0,0,0,0,0,0,0,0,66,"oxidoreduction-driven active transmembrane transporter activity"
"GO:0015605",0,0,0,0,0,0,0,0,0,0,37,"organophosphate ester transmembrane transporter activity"
"GO:0015645",0,0,0,0,0,0,0,0,0,0,25,"fatty acid ligase activity"
"GO:0015932",0,0,0,0,0,0,0,0,0,0,56,"nucleobase-containing compound transmembrane transporter activity"
"GO:0016018",0,0,0,0,0,0,0,0,0,0,20,"cyclosporin A binding"
"GO:0016229",0,0,0,0,0,0,0,0,0,0,35,"steroid dehydrogenase activity"
"GO:0016251",0,0,0,0,0,0,0,0,0,0,49,"RNA polymerase II general transcription initiation factor activity"
"GO:0016289",0,0,0,0,0,0,0,0,0,0,25,"acyl-CoA hydrolase activity"
"GO:0016298",0.0352,0.0352,1e-04,0,0,0.0953101798043249,0,9.99950003332973e-05,0,0.000999500333083645,129,"lipase activity"
"GO:0016405",0,0,0,0,0,0,0,0,0,0,27,"CoA-ligase activity"
"GO:0016408",0.0245,0.0245,0,0,0,0,0,0,0,0,20,"C-acyltransferase activity"
"GO:0016409",0,0,0,0,0,0,0,0,0,0,36,"palmitoyltransferase activity"
"GO:0016411",0,0,0,0,0,0,0,0,0,0,31,"acylglycerol O-acyltransferase activity"
"GO:0016417",0,0,0,0,0,0,0,0,0,0,30,"S-acyltransferase activity"
"GO:0016493",0,0,0,0,0,0,0,0,0,0,23,"C-C chemokine receptor activity"
"GO:0016500",0,0,0,0,0,0,0,0,0,0,20,"protein-hormone receptor activity"
"GO:0016502",0,0,0,0,0,0,0,0,0,0,20,"nucleotide receptor activity"
"GO:0016504",0,0,0,0,0,0,0,0,0,0,54,"peptidase activator activity"
"GO:0016505",0,0,0,0,0,0,0,0,0,0,23,"peptidase activator activity involved in apoptotic process"
"GO:0016616",0,0,0,0,0,0,0,0,0,0,124,"oxidoreductase activity, acting on the CH-OH group of donors, NAD or NADP as acceptor"
"GO:0016620",0,0,0,0,0,0,0,0,0,0,39,"oxidoreductase activity, acting on the aldehyde or oxo group of donors, NAD or NADP as acceptor"
"GO:0016627",0,0,0,0,0,0,0,0,0,0,60,"oxidoreductase activity, acting on the CH-CH group of donors"
"GO:0016628",0,0,0,0,0,0,0,0,0,0,32,"oxidoreductase activity, acting on the CH-CH group of donors, NAD or NADP as acceptor"
"GO:0016645",0.0291,0.0291,0,0,0,0,0,0,0,0,27,"oxidoreductase activity, acting on the CH-NH group of donors"
"GO:0016651",0,0,0,0,0,0,0,0,0,0,86,"oxidoreductase activity, acting on NAD(P)H"
"GO:0016655",0,0,0,0,0,0,0,0,0,0,57,"oxidoreductase activity, acting on NAD(P)H, quinone or similar compound as acceptor"
"GO:0016667",0,0,0,0,0,0,0,0,0,0,54,"oxidoreductase activity, acting on a sulfur group of donors"
"GO:0016701",0,0,0,0,0,0,0,0,0,0,25,"oxidoreductase activity, acting on single donors with incorporation of molecular oxygen"
"GO:0016702",0,0,0,0,0,0,0,0,0,0,24,"oxidoreductase activity, acting on single donors with incorporation of molecular oxygen, incorporation of two atoms of oxygen"
"GO:0016705",0.0169,0.0169,0,3e-04,0,-0.262364264467491,0,-0.000299955008997996,0,-0.00299550897979845,174,"oxidoreductase activity, acting on paired donors, with incorporation or reduction of molecular oxygen"
"GO:0016712",0,0,0,0,0,0,0,0,0,0,43,"oxidoreductase activity, acting on paired donors, with incorporation or reduction of molecular oxygen, reduced flavin or flavoprotein as one donor, and incorporation of one atom of oxygen"
"GO:0016765",0.0081,0.0081,0,0,0,0,0,0,0,0,60,"transferase activity, transferring alkyl or aryl (other than methyl) groups"
"GO:0016769",0,0,0,0,0,0,0,0,0,0,26,"transferase activity, transferring nitrogenous groups"
"GO:0016780",0,0,0,0,0,0,0,0,0,0,22,"phosphotransferase activity, for other substituted phosphate groups"
"GO:0016782",0.0296,0.0296,0,0,0,0,0,0,0,0,71,"transferase activity, transferring sulphur-containing groups"
"GO:0016790",0,0,0,0,0,0,0,0,0,0,42,"thiolester hydrolase activity"
"GO:0016796",0,0,0,0,0,0,0,0,0,0,62,"exonuclease activity, active with either ribo- or deoxyribonucleic acids and producing 5'-phosphomonoesters"
"GO:0016814",0,0,0,0,0,0,0,0,0,0,35,"hydrolase activity, acting on carbon-nitrogen (but not peptide) bonds, in cyclic amidines"
"GO:0016830",0,0,0,0,0,0,0,0,0,0,50,"carbon-carbon lyase activity"
"GO:0016831",0,0,0,0,0,0,0,0,0,0,33,"carboxy-lyase activity"
"GO:0016859",0,0,0,0,0,0,0,0,0,0,42,"cis-trans isomerase activity"
"GO:0016860",0,0,0,0,0,0,0,0,0,0,49,"intramolecular oxidoreductase activity"
"GO:0016866",0,0,0,0,0,0,0,0,0,0,28,"intramolecular transferase activity"
"GO:0016875",0,0,0,0,0,0,0,0,0,0,41,"ligase activity, forming carbon-oxygen bonds"
"GO:0016878",0,0,0,0,0,0,0,0,0,0,31,"acid-thiol ligase activity"
"GO:0016881",0,0,0,0,0,0,0,0,0,0,22,"acid-amino acid ligase activity"
"GO:0016891",0,0,0,0,0,0,0,0,0,0,28,"RNA endonuclease activity, producing 5'-phosphomonoesters"
"GO:0016893",0,0,0,0,0,0,0,0,0,0,37,"endonuclease activity, active with either ribo- or deoxyribonucleic acids and producing 5'-phosphomonoesters"
"GO:0016895",0,0,0,0,0,0,0,0,0,0,25,"DNA exonuclease activity, producing 5'-phosphomonoesters"
"GO:0016896",0,0,0,0,0,0,0,0,0,0,40,"RNA exonuclease activity, producing 5'-phosphomonoesters"
"GO:0017018",0.0107,0.0107,0,0,0,0,0,0,0,0,83,"myosin phosphatase activity"
"GO:0017025",0.0257,0.0257,0,0,0,0,0,0,0,0,25,"TBP-class protein binding"
"GO:0017056",0,0,0,0,0,0,0,0,0,0,24,"structural constituent of nuclear pore"
"GO:0017069",0,0,0,0,0,0,0,0,0,0,47,"snRNA binding"
"GO:0017116",0,0,0,0,0,0,0,0,0,0,23,"single-stranded DNA helicase activity"
"GO:0017134",0,0,0,0,0,0,0,0,0,0,23,"fibroblast growth factor binding"
"GO:0017147",0.0274,0.0274,0,0,0,0,0,0,0,0,32,"Wnt-protein binding"
"GO:0019003",0.0306,0.0306,1e-04,0,0,0.0953101798043249,0,9.99950003332973e-05,0,0.000999500333083645,74,"GDP binding"
"GO:0019200",0,0,0,0,0,0,0,0,0,0,21,"carbohydrate kinase activity"
"GO:0019210",0.0281,0.0281,0,0,0,0,0,0,0,0,78,"kinase inhibitor activity"
"GO:0019212",0.0319,0.0319,0,0,0,0,0,0,0,0,47,"phosphatase inhibitor activity"
"GO:0019239",0,0,0,0,0,0,0,0,0,0,33,"deaminase activity"
"GO:0019706",0,0,0,0,0,0,0,0,0,0,26,"protein-cysteine S-palmitoyltransferase activity"
"GO:0019707",0,0,0,0,0,0,0,0,0,0,26,"protein-cysteine S-acyltransferase activity"
"GO:0019789",0,0,0,0,0,0,0,0,0,0,27,"SUMO transferase activity"
"GO:0019825",0.0267,0.0267,0,0,0,0,0,0,0,0,34,"oxygen binding"
"GO:0019838",0.022,0.022,0,0,0,0,0,0,0,0,134,"growth factor binding"
"GO:0019843",0,0,0,0,0,0,0,0,0,0,65,"rRNA binding"
"GO:0019865",0,0,0,0,0,0,0,0,0,0,25,"immunoglobulin binding"
"GO:0019903",0.0409,0.0409,1e-04,0,0,0.0953101798043249,0,9.99950003332973e-05,0,0.000999500333083645,142,"protein phosphatase binding"
"GO:0019956",0,0,0,0,0,0,0,0,0,0,33,"chemokine binding"
"GO:0019957",0,0,0,0,0,0,0,0,0,0,24,"C-C chemokine binding"
"GO:0020037",0.0223,0.0223,0,1e-04,0,-0.0953101798043249,0,-9.99950003333249e-05,0,-0.00099950033308361,140,"heme binding"
"GO:0022829",0,0,0,0,0,0,0,0,0,0,35,"wide pore channel activity"
"GO:0022884",0,0,0,0,0,0,0,0,0,0,32,"macromolecule transmembrane transporter activity"
"GO:0023023",0,0,0,0,0,0,0,0,0,0,37,"MHC protein complex binding"
"GO:0023026",0,0,0,0,0,0,0,0,0,0,27,"MHC class II protein complex binding"
"GO:0030021",0,0,0,0,0,0,0,0,0,0,22,"extracellular matrix structural constituent conferring compression resistance"
"GO:0030159",0.0078,0.0078,0,0,0,0,0,0,0,0,51,"signaling receptor complex adaptor activity"
"GO:0030170",0.0083,0.0083,0,0,0,0,0,0,0,0,55,"pyridoxal phosphate binding"
"GO:0030247",0.0293,0.0293,0,0,0,0,0,0,0,0,25,"polysaccharide binding"
"GO:0030280",0,0,0,0,0,0,0,0,0,0,37,"structural constituent of skin epidermis"
"GO:0030291",0,0,0,0,0,0,0,0,0,0,37,"protein serine/threonine kinase inhibitor activity"
"GO:0030295",0.0389,0.0389,0,0,0,0,0,0,0,0,127,"protein kinase activator activity"
"GO:0030331",0,0,0,0,0,0,0,0,0,0,39,"nuclear estrogen receptor binding"
"GO:0030332",0.0285,0.0285,0,0,0,0,0,0,0,0,34,"cyclin binding"
"GO:0030371",0,0,0,0,0,0,0,0,0,0,30,"translation repressor activity"
"GO:0030515",0,0,0,0,0,0,0,0,0,0,32,"snoRNA binding"
"GO:0030527",0,0,0,0,0,0,0,0,0,0,96,"structural constituent of chromatin"
"GO:0030544",0.0299,0.0299,0,0,0,0,0,0,0,0,50,"Hsp70 protein binding"
"GO:0030742",0,0,0,0,0,0,0,0,0,0,21,"GTP-dependent protein binding"
"GO:0031210",0,0,0,0,0,0,0,0,0,0,29,"phosphatidylcholine binding"
"GO:0031369",0,0,0,0,0,0,0,0,0,0,32,"translation initiation factor binding"
"GO:0031418",0,0,0,0,0,0,0,0,0,0,20,"L-ascorbic acid binding"
"GO:0031490",0.0221,0.0221,0,0,0,0,0,0,0,0,144,"chromatin DNA binding"
"GO:0031491",0,0,0,0,0,0,0,0,0,0,95,"nucleosome binding"
"GO:0031492",0,0,0,0,0,0,0,0,0,0,65,"nucleosomal DNA binding"
"GO:0031593",0,0,0,0,0,0,0,0,0,0,57,"polyubiquitin modification-dependent protein binding"
"GO:0031624",0,0,0,0,0,0,0,0,0,0,31,"ubiquitin conjugating enzyme binding"
"GO:0031683",0,0,0,0,0,0,0,0,0,0,22,"G-protein beta/gamma-subunit complex binding"
"GO:0032451",0,0,0,0,0,0,0,0,0,0,40,"demethylase activity"
"GO:0032452",0,0,0,0,0,0,0,0,0,0,30,"histone demethylase activity"
"GO:0032813",0,0,0,0,0,0,0,0,0,0,49,"tumor necrosis factor receptor superfamily binding"
"GO:0033558",0.0277,0.0277,0,0,0,0,0,0,0,0,22,"protein lysine deacetylase activity"
"GO:0033612",0,0,0,0,0,0,0,0,0,0,30,"receptor serine/threonine kinase binding"
"GO:0033691",0,0,0,0,0,0,0,0,0,0,22,"sialic acid binding"
"GO:0033764",0,0,0,0,0,0,0,0,0,0,32,"steroid dehydrogenase activity, acting on the CH-OH group of donors, NAD or NADP as acceptor"
"GO:0034061",0,0,0,0,0,0,0,0,0,0,30,"DNA polymerase activity"
"GO:0034062",0,0,0,0,0,0,0,0,0,0,32,"5'-3' RNA polymerase activity"
"GO:0034212",0,0,0,0,0,0,0,0,0,0,52,"peptide N-acetyltransferase activity"
"GO:0034237",0,0,0,0,0,0,0,0,0,0,25,"protein kinase A regulatory subunit binding"
"GO:0034593",0,0,0,0,0,0,0,0,0,0,26,"phosphatidylinositol bisphosphate phosphatase activity"
"GO:0035035",0,0,0,0,0,0,0,0,0,0,24,"histone acetyltransferase binding"
"GO:0035064",0,0,0,0,0,0,0,0,0,0,80,"methylated histone binding"
"GO:0035173",0,0,0,0,0,0,0,0,0,0,23,"histone kinase activity"
"GO:0035198",0,0,0,0,0,0,0,0,0,0,32,"miRNA binding"
"GO:0035250",0,0,0,0,0,0,0,0,0,0,28,"UDP-galactosyltransferase activity"
"GO:0035925",0,0,0,0,0,0,0,0,0,0,28,"mRNA 3'-UTR AU-rich region binding"
"GO:0036002",0,0,0,0,0,0,0,0,0,0,38,"pre-mRNA binding"
"GO:0036122",0,0,0,0,0,0,0,0,0,0,21,"BMP binding"
"GO:0038187",0,0,0,0,0,0,0,0,0,0,34,"pattern recognition receptor activity"
"GO:0042056",0,0,0,0,0,0,0,0,0,0,40,"chemoattractant activity"
"GO:0042162",0,0,0,0,0,0,0,0,0,0,38,"telomeric DNA binding"
"GO:0042171",0,0,0,0,0,0,0,0,0,0,22,"lysophosphatidic acid acyltransferase activity"
"GO:0042287",0,0,0,0,0,0,0,0,0,0,35,"MHC protein binding"
"GO:0042288",0,0,0,0,0,0,0,0,0,0,20,"MHC class I protein binding"
"GO:0042379",0,0,0,0,0,0,0,0,0,0,73,"chemokine receptor binding"
"GO:0042605",0,0,0,0,0,0,0,0,0,0,34,"peptide antigen binding"
"GO:0042625",0,0,0,0,0,0,0,0,0,0,24,"ATPase-coupled ion transmembrane transporter activity"
"GO:0042887",0,0,0,0,0,0,0,0,0,0,37,"amide transmembrane transporter activity"
"GO:0042974",0,0,0,0,0,0,0,0,0,0,26,"nuclear retinoic acid receptor binding"
"GO:0043014",0.0303,0.0303,0,0,0,0,0,0,0,0,41,"alpha-tubulin binding"
"GO:0043015",0,0,0,0,0,0,0,0,0,0,33,"gamma-tubulin binding"
"GO:0043175",0.0071,0.0071,0,0,0,0,0,0,0,0,41,"RNA polymerase core enzyme binding"
"GO:0043236",0.0261,0.0261,0,0,0,0,0,0,0,0,29,"laminin binding"
"GO:0043274",0.0275,0.0275,0,0,0,0,0,0,0,0,23,"phospholipase binding"
"GO:0043495",0,0,0,0,0,0,0,0,0,0,38,"protein-membrane adaptor activity"
"GO:0044183",0,0,0,0,0,0,0,0,0,0,60,"protein folding chaperone"
"GO:0044390",0,0,0,0,0,0,0,0,0,0,37,"ubiquitin-like protein conjugating enzyme binding"
"GO:0044769",0,0,0,0,0,0,0,0,0,0,24,"ATPase activity, coupled to transmembrane movement of ions, rotational mechanism"
"GO:0046332",0.0303,0.0303,0,0,0,0,0,0,0,0,78,"SMAD binding"
"GO:0046625",0.024,0.024,0,0,0,0,0,0,0,0,27,"sphingolipid binding"
"GO:0046961",0,0,0,0,0,0,0,0,0,0,24,"proton-transporting ATPase activity, rotational mechanism"
"GO:0046966",0,0,0,0,0,0,0,0,0,0,28,"nuclear thyroid hormone receptor binding"
"GO:0047617",0,0,0,0,0,0,0,0,0,0,24,"fatty acyl-CoA hydrolase activity"
"GO:0048020",0,0,0,0,0,0,0,0,0,0,49,"CCR chemokine receptor binding"
"GO:0048027",0,0,0,0,0,0,0,0,0,0,24,"mRNA 5'-UTR binding"
"GO:0048156",0,0,0,0,0,0,0,0,0,0,43,"tau protein binding"
"GO:0048487",0,0,0,0,0,0,0,0,0,0,41,"beta-tubulin binding"
"GO:0050136",0,0,0,0,0,0,0,0,0,0,42,"NADH dehydrogenase (quinone) activity"
"GO:0050321",0,0,0,0,0,0,0,0,0,0,22,"tau-protein kinase activity"
"GO:0050431",0,0,0,0,0,0,0,0,0,0,24,"transforming growth factor beta binding"
"GO:0050661",0,0,0,0,0,0,0,0,0,0,52,"NADP binding"
"GO:0050681",0,0,0,0,0,0,0,0,0,0,26,"nuclear androgen receptor binding"
"GO:0050699",0,0,0,0,0,0,0,0,0,0,22,"WW domain binding"
"GO:0050750",0,0,0,0,0,0,0,0,0,0,24,"low-density lipoprotein particle receptor binding"
"GO:0051010",0,0,0,0,0,0,0,0,0,0,21,"microtubule plus-end binding"
"GO:0051019",0,0,0,0,0,0,0,0,0,0,28,"mitogen-activated protein kinase binding"
"GO:0051059",0,0,0,0,0,0,0,0,0,0,29,"NF-kappaB binding"
"GO:0051082",0,0,0,0,0,0,0,0,0,0,112,"unfolded protein binding"
"GO:0051087",0.0192,0.0192,0,0,0,0,0,0,0,0,131,"protein-folding chaperone binding"
"GO:0051119",0,0,0,0,0,0,0,0,0,0,28,"sugar transmembrane transporter activity"
"GO:0051139",0,0,0,0,0,0,0,0,0,0,25,"metal cation:proton antiporter activity"
"GO:0051287",0.007,0.007,0,0,0,0,0,0,0,0,53,"NAD binding"
"GO:0051428",0.0279,0.0279,0,0,0,0,0,0,0,0,20,"peptide hormone receptor binding"
"GO:0051537",0,0,0,0,0,0,0,0,0,0,25,"2 iron, 2 sulfur cluster binding"
"GO:0051539",0,0,0,0,0,0,0,0,0,0,44,"4 iron, 4 sulfur cluster binding"
"GO:0051787",0.0265,0.0265,0,0,0,0,0,0,0,0,20,"misfolded protein binding"
"GO:0051861",0,0,0,0,0,0,0,0,0,0,29,"glycolipid binding"
"GO:0051879",0,0,0,0,0,0,0,0,0,0,42,"Hsp90 protein binding"
"GO:0052742",0,0,0,0,0,0,0,0,0,0,25,"phosphatidylinositol kinase activity"
"GO:0052866",0,0,0,0,0,0,0,0,0,0,30,"phosphatidylinositol phosphate phosphatase activity"
"GO:0055106",0,0,0,0,0,0,0,0,0,0,29,"ubiquitin-protein transferase regulator activity"
"GO:0060229",0,0,0,0,0,0,0,0,0,0,21,"lipase activator activity"
"GO:0060590",0.0091,0.0091,0,0,0,0,0,0,0,0,48,"ATPase regulator activity"
"GO:0061608",0,0,0,0,0,0,0,0,0,0,20,"nuclear import signal receptor activity"
"GO:0061631",0,0,0,0,0,0,0,0,0,0,34,"ubiquitin conjugating enzyme activity"
"GO:0061650",0,0,0,0,0,0,0,0,0,0,40,"ubiquitin-like protein conjugating enzyme activity"
"GO:0061733",0,0,0,0,0,0,0,0,0,0,47,"peptide-lysine-N-acetyltransferase activity"
"GO:0061980",0,0,0,0,0,0,0,0,0,0,44,"regulatory RNA binding"
"GO:0070001",0,0,0,0,0,0,0,0,0,0,27,"aspartic-type peptidase activity"
"GO:0070006",0,0,0,0,0,0,0,0,0,0,25,"metalloaminopeptidase activity"
"GO:0070034",0,0,0,0,0,0,0,0,0,0,22,"telomerase RNA binding"
"GO:0070182",0,0,0,0,0,0,0,0,0,0,20,"DNA polymerase binding"
"GO:0070273",0.0297,0.0297,0,0,0,0,0,0,0,0,28,"phosphatidylinositol-4-phosphate binding"
"GO:0070279",0.0083,0.0083,0,0,0,0,0,0,0,0,56,"vitamin B6 binding"
"GO:0070300",0,0,0,0,0,0,0,0,0,0,23,"phosphatidic acid binding"
"GO:0070325",0,0,0,0,0,0,0,0,0,0,29,"lipoprotein particle receptor binding"
"GO:0070330",0,0,0,0,0,0,0,0,0,0,26,"aromatase activity"
"GO:0070412",0,0,0,0,0,0,0,0,0,0,25,"R-SMAD binding"
"GO:0070530",0,0,0,0,0,0,0,0,0,0,25,"K63-linked polyubiquitin modification-dependent protein binding"
"GO:0070566",0,0,0,0,0,0,0,0,0,0,29,"adenylyltransferase activity"
"GO:0070577",0,0,0,0,0,0,0,0,0,0,25,"lysine-acetylated histone binding"
"GO:0070696",0,0,0,0,0,0,0,0,0,0,24,"transmembrane receptor protein serine/threonine kinase binding"
"GO:0070717",0,0,0,0,0,0,0,0,0,0,32,"poly-purine tract binding"
"GO:0070840",0.0241,0.0241,0,0,0,0,0,0,0,0,25,"dynein complex binding"
"GO:0071617",0,0,0,0,0,0,0,0,0,0,22,"lysophospholipid acyltransferase activity"
"GO:0071889",0.0239,0.0239,0,0,0,0,0,0,0,0,32,"14-3-3 protein binding"
"GO:0071949",0,0,0,0,0,0,0,0,0,0,40,"FAD binding"
"GO:0072349",0,0,0,0,0,0,0,0,0,0,29,"modified amino acid transmembrane transporter activity"
"GO:0080025",0,0,0,0,0,0,0,0,0,0,27,"phosphatidylinositol-3,5-bisphosphate binding"
"GO:0090482",0,0,0,0,0,0,0,0,0,0,33,"vitamin transmembrane transporter activity"
"GO:0097472",0.0258,0.0258,0,0,0,0,0,0,0,0,29,"cyclin-dependent protein kinase activity"
"GO:0097718",0.0245,0.0245,0,0,0,0,0,0,0,0,27,"disordered domain specific binding"
"GO:0097747",0,0,0,0,0,0,0,0,0,0,32,"RNA polymerase activity"
"GO:0099186",0.0285,0.0285,0,0,0,0,0,0,0,0,20,"structural constituent of postsynapse"
"GO:0120013",0.0292,0.0292,0,0,0,0,0,0,0,0,54,"lipid transfer activity"
"GO:0120014",0,0,0,0,0,0,0,0,0,0,24,"phospholipid transfer activity"
"GO:0120015",0.0289,0.0289,0,0,0,0,0,0,0,0,24,"sterol transfer activity"
"GO:0120020",0.0289,0.0289,0,0,0,0,0,0,0,0,23,"cholesterol transfer activity"
"GO:0140033",0,0,0,0,0,0,0,0,0,0,26,"acetylation-dependent protein binding"
"GO:0140034",0,0,0,0,0,0,0,0,0,0,82,"methylation-dependent protein binding"
"GO:0140035",0,0,0,0,0,0,0,0,0,0,20,"ubiquitination-like modification-dependent protein binding"
"GO:0140101",0,0,0,0,0,0,0,0,0,0,128,"catalytic activity, acting on a tRNA"
"GO:0140102",0,0,0,0,0,0,0,0,0,0,23,"catalytic activity, acting on a rRNA"
"GO:0140103",0,0,0,0,0,0,0,0,0,0,23,"catalytic activity, acting on a glycoprotein"
"GO:0140104",0.025,0.025,2e-04,1e-04,0,0.0870113769896299,0,9.9985002332975e-05,0,0.0009985023295896,95,"molecular carrier activity"
"GO:0140142",0,0,0,0,0,0,0,0,0,0,32,"nucleocytoplasmic carrier activity"
"GO:0140223",0,0,0,0,0,0,0,0,0,0,61,"general transcription initiation factor activity"
"GO:0140296",0.0078,0.0078,0,0,0,0,0,0,0,0,53,"general transcription initiation factor binding"
"GO:0140299",0,0,0,0,0,0,0,0,0,0,39,"small molecule sensor activity"
"GO:0140303",0,0,0,0,0,0,0,0,0,0,42,"intramembrane lipid transporter activity"
"GO:0140311",0.0277,0.0277,0,0,0,0,0,0,0,0,27,"protein sequestering activity"
"GO:0140313",0.0323,0.0323,0,0,0,0,0,0,0,0,47,"molecular sequestering activity"
"GO:0140318",0,0,0,0,0,0,0,0,0,0,40,"protein transporter activity"
"GO:0140326",0,0,0,0,0,0,0,0,0,0,27,"ATPase-coupled intramembrane lipid transporter activity"
"GO:0140416",0.0259,0.0259,0,0,0,0,0,0,0,0,29,"transcription regulator inhibitor activity"
"GO:0140457",0,0,0,0,0,0,0,0,0,0,30,"protein demethylase activity"
"GO:0140463",0,0,0,0,0,0,0,0,0,0,24,"chromatin-protein adaptor activity"
"GO:0140517",0,0,0,0,0,0,0,0,0,0,20,"protein-RNA adaptor activity"
"GO:0140597",0.0248,0.0248,0,0,0,0,0,0,0,0,34,"protein carrier chaperone"
"GO:0140612",0,0,0,0,0,0,0,0,0,0,20,"DNA damage sensor activity"
"GO:0140658",0,0,0,0,0,0,0,0,0,0,36,"ATP-dependent chromatin remodeler activity"
"GO:0140662",0,0,0,0,0,0,0,0,0,0,31,"ATP-dependent protein folding chaperone"
"GO:0140693",0,0,0,0,0,0,0,0,0,0,34,"molecular condensate scaffold activity"
"GO:0140994",0,0,0,0,0,0,0,0,0,0,23,"RNA polymerase II CTD heptapeptide repeat modifying activity"
"GO:0141052",0,0,0,0,0,0,0,0,0,0,28,"histone H3 demethylase activity"
"GO:1901505",0,0,0,0,0,0,0,0,0,0,56,"carbohydrate derivative transmembrane transporter activity"
"GO:1904047",0,0,0,0,0,0,0,0,0,0,20,"S-adenosyl-L-methionine binding"
"GO:1990381",0,0,0,0,0,0,0,0,0,0,21,"ubiquitin-specific protease binding"
"GO:1990404",0,0,0,0,0,0,0,0,0,0,23,"NAD+-protein ADP-ribosyltransferase activity"
"GO:1990756",0,0,0,0,0,0,0,0,0,0,55,"ubiquitin ligase-substrate adaptor activity"
"GO:1990841",0,0,0,0,0,0,0,0,0,0,66,"promoter-specific chromatin binding"
"GO:0015293",0.0407,0.0408,1e-04,1e-04,-0.00239521072595493,0,-9.60845544817599e-05,0,-0.000710479603598785,0,147,"symporter activity"
"GO:0050660",0.0102,0.0103,0,0,-0.00888894741724593,0,-9.89853997343785e-05,0,-0.000907029540642726,0,88,"flavin adenine dinucleotide binding"
"GO:0046943",0.0522,0.0527,1e-04,2e-04,-0.00935460516722024,-0.0870113769896298,-0.000475081960572256,-9.99850023328921e-05,-0.00327976679700125,-0.000998502329589549,178,"carboxylic acid transmembrane transporter activity"
"GO:0005342",0.0507,0.0527,1e-04,2e-04,-0.0379552200004355,-0.0870113769896298,-0.0019016835625496,-9.99850023328921e-05,-0.013184106592137,-0.000998502329589549,179,"organic acid transmembrane transporter activity"
"GO:0046906",0.0145,0.0223,0,1e-04,-0.407613336646454,-0.0953101798043249,-0.00765911049709897,-9.99950003333249e-05,-0.0659022196988323,-0.00099950033308361,150,"tetrapyrrole binding"
"GO:0008028",0.003,0.0078,0,0,-0.78845736036427,0,-0.00477422828456228,0,-0.045548670245261,0,63,"monocarboxylic acid transmembrane transporter activity"
"GO:0008236",0.0119,0.0296,0,0,-0.863772697590709,0,-0.0173406255462027,0,-0.146847168600295,0,184,"serine-type peptidase activity"
"GO:0017124",0.0157,0.0455,1e-04,0,-1.0240435931706,0.0953101798043249,-0.0289172099232329,9.99950003332973e-05,-0.229175452411917,0.000999500333083645,121,"SH3 domain binding"
"GO:0003714",0.0152,0.0473,0,0,-1.09242031842019,0,-0.0311297863789219,0,-0.245801575206794,0,198,"transcription corepressor activity"
"GO:0016758",0.0163,0.0514,0,0,-1.10820008982326,0,-0.0339540282416271,0,-0.26375228147873,0,195,"hexosyltransferase activity"
"GO:0019902",0.0152,0.0512,0,0,-1.17007125265025,0,-0.034846731330168,0,-0.271933715483642,0,189,"phosphatase binding"
"GO:0017171",0.0139,0.0492,0,0,-1.21465381374627,0,-0.0342236880341843,0,-0.269966817316524,0,188,"serine hydrolase activity"
"GO:0042826",0.0115,0.0485,0,1e-04,-1.37624402526639,-0.0953101798043249,-0.0359261937341744,-9.99950003333249e-05,-0.286560367342581,-0.00099950033308361,128,"histone deacetylase binding"
"GO:0008237",0.0085,0.0374,0,0,-1.39676566098719,0,-0.0282535045230335,0,-0.236146206807735,0,180,"metallopeptidase activity"
"GO:0002020",0.0017,0.0103,0,0,-1.43155095270801,0,-0.00854875981596802,0,-0.0811766232049426,0,139,"protease binding"
"GO:0016810",0.0056,0.0269,0,0,-1.44155703979494,0,-0.0209601769282116,0,-0.183741003448181,0,134,"hydrolase activity, acting on carbon-nitrogen (but not peptide) bonds"
"GO:0016798",0.0012,0.0098,0,0,-1.5910887737659,0,-0.00855301086719608,0,-0.0815617722220651,0,133,"hydrolase activity, acting on glycosyl bonds"
"GO:0004252",0.0035,0.0214,0,0,-1.60498356208472,0,-0.0176803459771507,0,-0.159519265919974,0,167,"serine-type endopeptidase activity"
"GO:0019955",0.0015,0.0123,0,0,-1.67147330335355,0,-0.010726093498833,0,-0.101115063262556,0,145,"cytokine binding"
"GO:0031072",0.0011,0.0105,0,2e-04,-1.70040969063983,-0.182321556793955,-0.00934586241823755,-0.000199980002666245,-0.0889053949313817,-0.00199800266267311,128,"heat shock protein binding"
"GO:0015078",0.0012,0.0114,0,0,-1.72923911224672,0,-0.0101362290882635,0,-0.0960285706398183,0,140,"proton transmembrane transporter activity"
"GO:0008194",0.0033,0.0241,0,0,-1.76425282343822,0,-0.0205196111498248,0,-0.183450316084969,0,145,"UDP-glycosyltransferase activity"
"GO:0015294",0.004,0.0287,0,0,-1.78170913337455,0,-0.0243038478853098,0,-0.213093215460708,0,116,"solute:monoatomic cation symporter activity"
"GO:0140375",0.0073,0.0501,0,0,-1.81752898240711,0,-0.0416119137633122,0,-0.335673089002763,0,149,"immune receptor activity"
"GO:0050840",0.0037,0.0304,0,0,-1.89924538419819,0,-0.0262539045303345,0,-0.229104534257071,0,64,"extracellular matrix binding"
"GO:0101005",9e-04,0.0122,0,0,-1.93836294341993,0,-0.0112265845550045,0,-0.106153065729033,0,114,"deubiquitinase activity"
"GO:0004867",6e-04,0.0104,0,0,-1.96360972615471,0,-0.0097464719821767,0,-0.0929578761773561,0,99,"serine-type endopeptidase inhibitor activity"
"GO:0009055",5e-04,0.01,0,0,-1.99243016469021,0,-0.00945045581151704,0,-0.0903226382932857,0,115,"electron transfer activity"
"GO:0005506",6e-04,0.011,0,1e-04,-2.01490302054226,-0.0953101798043249,-0.0103401199663667,-9.99950003333249e-05,-0.0983779436466952,-0.00099950033308361,150,"iron ion binding"
"GO:0004725",0.0029,0.0285,0,0,-2.02341371021017,0,-0.0252056269988493,0,-0.222171261495271,0,98,"protein tyrosine phosphatase activity"
"GO:0008170",4e-04,0.0098,0,0,-2.04307389750896,0,-0.00935237142135143,0,-0.0894983218178015,0,98,"N-methyltransferase activity"
"GO:0052689",4e-04,0.01,0,0,-2.06142303617716,0,-0.00955041083184116,0,-0.0913181585347874,0,151,"carboxylic ester hydrolase activity"
"GO:0035591",5e-04,0.0109,0,0,-2.07107329200932,0,-0.0103411481362238,0,-0.0984711668571908,0,112,"signaling adaptor activity"
"GO:0008186",0.0031,0.0318,0,0,-2.07944154167984,0,-0.02820964492111,0,-0.245586231045492,0,77,"ATP-dependent activity, acting on RNA"
"GO:0043022",0,0.0075,0,0,-2.14006616349627,0,-0.00747201483870107,0,-0.0723206615796261,0,110,"ribosome binding"
"GO:0140030",0,0.008,0,0,-2.19722457733622,0,-0.00796816964917684,0,-0.0769610411361284,0,187,"modification-dependent protein binding"
"GO:0004843",0,0.0081,0,0,-2.2082744135228,0,-0.00806737107775875,0,-0.0778865386570712,0,107,"cysteine-type deubiquitinase activity"
"GO:0008276",0,0.0081,0,0,-2.2082744135228,0,-0.00806737107775875,0,-0.0778865386570712,0,96,"protein methyltransferase activity"
"GO:0016811",0,0.0081,0,0,-2.2082744135228,0,-0.00806737107775875,0,-0.0778865386570712,0,72,"hydrolase activity, acting on carbon-nitrogen (but not peptide) bonds, in linear amides"
"GO:0042054",0,0.0081,0,0,-2.2082744135228,0,-0.00806737107775875,0,-0.0778865386570712,0,66,"histone methyltransferase activity"
"GO:0048029",0.0024,0.03,0,0,-2.21021177286303,0,-0.027161677641823,0,-0.238647737850175,0,74,"monosaccharide binding"
"GO:0002039",0,0.0084,0,0,-2.24070968927596,0,-0.00836491633162766,0,-0.0806579030174545,0,67,"p53 binding"
"GO:0016410",0,0.0084,0,0,-2.24070968927596,0,-0.00836491633162766,0,-0.0806579030174545,0,94,"N-acyltransferase activity"
"GO:0016614",0,0.0084,0,0,-2.24070968927596,0,-0.00836491633162766,0,-0.0806579030174545,0,134,"oxidoreductase activity, acting on CH-OH group of donors"
"GO:0003724",0,0.0087,0,0,-2.27212588550934,0,-0.00866237307865261,0,-0.0834216081390724,0,75,"RNA helicase activity"
"GO:0003727",0.0021,0.0296,0,0,-2.28959789746723,0,-0.0270725792176339,0,-0.238500058747554,0,85,"single-stranded RNA binding"
"GO:0038024",0.0023,0.0317,0,0,-2.29345260943077,0,-0.0289105680755097,0,-0.252616935791655,0,72,"cargo receptor activity"
"GO:0032182",0.0019,0.0284,0,0,-2.31628393735221,0,-0.026105999126517,0,-0.231158451027182,0,119,"ubiquitin-like protein binding"
"GO:0003777",0,0.0093,0,0,-2.33214389523559,0,-0.00925702126267687,0,-0.0889262091944016,0,67,"microtubule motor activity"
"GO:0008094",0,0.0094,0,0,-2.34180580614733,0,-0.00935609492402498,0,-0.0898407039997895,0,117,"ATP-dependent activity, acting on DNA"
"GO:0016779",0,0.0095,0,0,-2.35137525716348,0,-0.00945515877075521,0,-0.0907543632684641,0,140,"nucleotidyltransferase activity"
"GO:0008135",0,0.0096,0,0,-2.36085400111802,0,-0.00955421280481172,0,-0.0916671885258238,0,83,"translation factor activity, RNA binding"
"GO:0090079",0,0.0096,0,0,-2.36085400111802,0,-0.00955421280481172,0,-0.0916671885258238,0,106,"translation regulator activity, nucleic acid binding"
"GO:0008757",0,0.0104,0,0,-2.43361335540045,0,-0.0103462920541443,0,-0.0989399478549035,0,163,"S-adenosylmethionine-dependent methyltransferase activity"
"GO:0016874",0,0.0109,0,0,-2.47653840011748,0,-0.0108410231778748,0,-0.10345870836823,0,165,"ligase activity"
"GO:0004866",0.0027,0.0441,0,4e-04,-2.50054942685845,-0.336472236621213,-0.0404589087661852,-0.000399920021326947,-0.338695386070964,-0.00399202126953745,164,"endopeptidase inhibitor activity"
"GO:0030414",0.0027,0.0441,0,4e-04,-2.50054942685845,-0.336472236621213,-0.0404589087661852,-0.000399920021326947,-0.338695386070964,-0.00399202126953745,170,"peptidase inhibitor activity"
"GO:0004386",0,0.0115,0,0,-2.52572864430826,0,-0.0114343776256631,0,-0.108854404912082,0,152,"helicase activity"
"GO:0019783",0,0.0122,0,0,-2.58021682959233,0,-0.0121261797978405,0,-0.115112807100505,0,126,"ubiquitin-like protein peptidase activity"
"GO:0061135",0.0019,0.0441,0,4e-04,-2.7441715095162,-0.336472236621213,-0.0412570730308473,-0.000399920021326947,-0.346515562776797,-0.00399202126953745,181,"endopeptidase regulator activity"
"GO:0008083",4e-04,0.0245,0,0,-2.90220621554317,0,-0.0238047686754905,0,-0.215143508647133,0,162,"growth factor activity"
"GO:0045182",4e-04,0.0291,0,0,-3.06805293513362,0,-0.028284713838582,0,-0.251425090594968,0,134,"translation regulator activity"
"GO:0043028",0,0.0228,0,0,-3.16968558067743,0,-0.0225439644348944,0,-0.205386829724951,0,40,"cysteine-type endopeptidase regulator activity involved in apoptotic process"
"GO:0004553",0,0.0246,0,0,-3.24259235148552,0,-0.0243022925229648,0,-0.219938420365261,0,94,"hydrolase activity, hydrolyzing O-glycosyl compounds"
"GO:0016706",0,0.0249,0,0,-3.25424296870549,0,-0.0245950468553801,0,-0.222343231143441,0,60,"2-oxoglutarate-dependent dioxygenase activity"
"GO:0070851",1e-04,0.0291,0,0,-3.30921499195051,0,-0.0285846388595756,0,-0.254417611531422,0,138,"growth factor receptor binding"
"GO:0016278",0,0.0264,0,0,-3.31054301339402,0,-0.0260575343192896,0,-0.234281295724666,0,64,"lysine N-methyltransferase activity"
"GO:0016279",0,0.0264,0,0,-3.31054301339402,0,-0.0260575343192896,0,-0.234281295724666,0,63,"protein-lysine N-methyltransferase activity"
"GO:0140938",0,0.0264,0,0,-3.31054301339402,0,-0.0260575343192896,0,-0.234281295724666,0,42,"histone H3 methyltransferase activity"
"GO:0001727",0,0.0265,0,0,-3.31418600467253,0,-0.0261549574768512,0,-0.235072122179484,0,40,"lipid kinase activity"
"GO:0008080",0,0.0267,0,0,-3.32143241319329,0,-0.026349775322782,0,-0.236651901339002,0,68,"N-acetyltransferase activity"
"GO:0016407",0,0.0267,0,0,-3.32143241319329,0,-0.026349775322782,0,-0.236651901339002,0,95,"acetyltransferase activity"
"GO:0042169",0,0.0269,0,0,-3.32862668882732,0,-0.0265445552221122,0,-0.238229188732251,0,42,"SH2 domain binding"
"GO:0004540",0,0.027,0,0,-3.3322045101752,0,-0.0266419309464211,0,-0.2390169004705,0,117,"RNA nuclease activity"
"GO:0003678",0,0.0271,0,0,-3.3357695763397,0,-0.0267392971896215,0,-0.239803992207317,0,57,"DNA helicase activity"
"GO:0003684",0,0.0271,0,0,-3.3357695763397,0,-0.0267392971896215,0,-0.239803992207317,0,73,"damaged DNA binding"
"GO:1901618",0,0.0273,0,0,-3.34286180464919,0,-0.0269340012400811,0,-0.241376319575269,0,53,"organic hydroxy compound transmembrane transporter activity"
"GO:0016538",0,0.0274,0,0,-3.34638914516716,0,-0.0270313390510305,0,-0.242161557149972,0,48,"cyclin-dependent protein serine/threonine kinase regulator activity"
"GO:0016903",0,0.0275,0,0,-3.3499040872746,0,-0.0271286673882527,0,-0.242946178610389,0,48,"oxidoreductase activity, acting on the aldehyde or oxo group of donors"
"GO:0016877",0,0.0277,0,0,-3.35689712276558,0,-0.0273232956488904,0,-0.244513577050402,0,41,"ligase activity, forming carbon-sulfur bonds"
"GO:0004197",0,0.0279,0,0,-3.36384159511839,0,-0.0275178860367393,0,-0.246078522596706,0,85,"cysteine-type endopeptidase activity"
"GO:0051213",0,0.028,0,0,-3.36729582998647,0,-0.0276151670329734,0,-0.246860077931526,0,93,"dioxygenase activity"
"GO:0016879",0,0.0283,0,0,-3.37758751602302,0,-0.0279069532530078,0,-0.249201085633499,0,48,"ligase activity, forming carbon-nitrogen bonds"
"GO:0051536",0,0.0285,0,0,-3.38439026334577,0,-0.0281014301108748,0,-0.250758718347183,0,71,"iron-sulfur cluster binding"
"GO:0051540",0,0.0285,0,0,-3.38439026334577,0,-0.0281014301108748,0,-0.250758718347183,0,72,"metal cluster binding"
"GO:0140767",0,0.0286,0,0,-3.38777436133001,0,-0.0281986543586788,0,-0.251536625815428,0,67,"enzyme-substrate adaptor activity"
"GO:0004527",0,0.0288,0,0,-3.39450839351136,0,-0.0283930745012178,0,-0.253090627682162,0,85,"exonuclease activity"
"GO:0016853",0,0.0289,0,0,-3.39785848039664,0,-0.0284902703996274,0,-0.25386672395705,0,161,"isomerase activity"
"GO:0003697",0,0.0294,0,0,-3.41444260841218,0,-0.0289761082365172,0,-0.257738196078709,0,118,"single-stranded DNA binding"
"GO:0043021",0,0.0295,0,0,-3.41772668361337,0,-0.0290732474857072,0,-0.258510695151501,0,168,"ribonucleoprotein complex binding"
"GO:0003730",0,0.0297,0,0,-3.42426265459315,0,-0.0292674976805682,0,-0.260053905334307,0,109,"mRNA 3'-UTR binding"
"GO:0004519",0,0.03,0,0,-3.43398720448515,0,-0.0295588022415444,0,-0.262364264467491,0,119,"endonuclease activity"
"GO:0008374",0,0.0303,0,0,-3.44361809754611,0,-0.0298500219688853,0,-0.264669298142708,0,54,"O-acyltransferase activity"
"GO:0043539",0,0.0304,0,0,-3.44680789291421,0,-0.0299470763679521,0,-0.265436463504461,0,63,"protein serine/threonine kinase activator activity"
"GO:0005048",0,0.0305,0,0,-3.44998754583159,0,-0.0300441213483767,0,-0.266203040774657,0,46,"signal sequence binding"
"GO:0008234",0,0.0321,0,0,-3.49953328238302,0,-0.0315955615897506,0,-0.278389025540188,0,183,"cysteine-type peptidase activity"
"GO:0043130",0,0.0327,0,0,-3.51749783735832,0,-0.0321767316952212,0,-0.28292075535007,0,99,"ubiquitin binding"
