"geneSet","pvals.mean","pvals.median","pvals.meanabs","pvals.meansqr","pvals.maxmean","pvals.sig_n","pvals.ks_orig","pvals.ks_weighted","sim_brain"
"GO:0007268",0.824435112977405,0.637272545490902,0.76004799040192,0.762647470505899,0.75624875024995,0.647670465906819,0.545325275506577,0.610318331503842,1
"GO:0007416",0.5374925014997,0.552089582083583,0.743451309738052,0.802039592081584,0.878024395120976,0.792041591681664,0.922879177377892,0.549171270718232,1
"GO:0008021",0.120975804839032,0.329534093181364,0.727854429114177,0.646870625874825,0.277144571085783,0.852429514097181,0.326292789512017,0.133483314585677,1
"GO:0014069",0.789242151569686,0.507698460307938,0.475904819036193,0.518096380723855,0.441711657668466,0.582283543291342,0.982273201251303,0.914428766499772,1
"GO:0016079",0.525694861027794,0.316336732653469,0.804439112177564,0.936812637472506,0.848630273945211,0.98000399920016,0.337188612099644,0.709887250650477,1
"GO:0030285",0.847830433913217,0.778844231153769,0.761047790441912,0.576484703059388,0.356128774245151,0.749850029994001,0.720851063829787,0.835791925465838,1
"GO:0030672",0.0325934813037392,0.0587882423515297,0.772045590881824,0.631873625274945,0.24255148970206,0.804439112177564,0.0941949616648412,0.0276305828917487,1
"GO:0042734",0.65246950609878,0.571085782843431,0.701059788042392,0.807638472305539,0.866626674665067,0.73005398920216,0.541184971098266,0.65301724137931,1
"GO:0045211",0.602679464107179,0.570085982803439,0.459708058388322,0.439912017596481,0.649670065986803,0.657068586282743,0.955967976710335,0.927095077038707,1
"GO:0048488",0.594681063787243,0.619076184763047,0.724655068986203,0.723855228954209,0.581083783243351,0.560287942411518,0.905278921752153,0.799239543726236,1
"GO:0048786",0.325534893021396,0.188562287542491,0.722255548890222,0.857428514297141,0.689262147570486,0.830233953209358,0.462264150943396,0.590875370919881,1
"GO:0048787",0.415716856628674,0.813437312537493,0.46630673865227,0.523295340931814,0.266546690661868,0.444311137772446,0.69296613323409,0.382697393275406,1
"GO:0050804",0.687262547490502,0.82743451309738,0.662667466506699,0.718256348730254,0.599080183963207,0.586882623475305,0.647531992687386,0.461885092001502,1
"GO:0050808",0.137972405518896,0.255748850229954,0.964807038592282,0.989402119576085,0.965606878624275,0.951409718056389,0.204387186629526,0.466101694915254,1
"GO:0051963",0.445110977804439,0.550689862027595,0.252949410117976,0.284343131373725,0.494901019796041,0.193961207758448,0.575186321788689,0.476089716462124,1
"GO:0060078",0.63627274545091,0.496100779844031,0.10997800439912,0.174365126974605,0.187562487502499,0.117576484703059,0.532407407407407,0.47176759410802,1
"GO:0098839",0.948210357928414,0.657268546290742,0.888622275544891,0.898020395920816,0.787642471505699,0.759048190361928,0.764434180138568,0.859946476360392,1
"GO:0098918",0.111577684463107,0.107978404319136,0.823835232953409,0.932013597280544,0.901819636072785,0.999800039992002,0.186940298507463,0.216486902927581,1
"GO:0099010",0.636872625474905,0.17376524695061,0.454909018196361,0.540091981603679,0.527294541091782,0.769446110777844,0.549906542056075,0.770011273957159,1
"GO:0099055",0.670865826834633,0.5624875024995,0.514297140571886,0.512297540491902,0.684463107378524,0.669666066786643,0.955118694362018,0.946026986506747,1
"GO:0099056",0.673665266946611,0.359528094381124,0.540691861627674,0.677264547090582,0.728254349130174,0.637872425514897,0.555555555555556,0.696760259179266,1
"GO:0099059",0.987002599480104,0.549690061987603,0.467906418716257,0.449110177964407,0.336332733453309,0.433113377324535,0.937874251497006,0.631558935361217,1
"GO:0099060",0.932613477304539,0.49130173965207,0.322935412917417,0.33873225354929,0.0191961607678464,0.183563287342531,0.71964586846543,0.402823920265781,1
"GO:0099061",0.928414317136573,0.524495100979804,0.782243551289742,0.792841431713657,0.7374525094981,0.685262947410518,0.921456622634773,0.811651335961454,1
"GO:0099072",0.0417916416716657,0.023995200959808,0.553089382123575,0.743051389722056,0.763447310537892,0.846030793841232,0.0927200289750091,0.153645833333333,1
"GO:0099092",0.233953209358128,0.159168166366727,0.45870825834833,0.513297340531894,0.104779044191162,0.771045790841832,0.281088082901554,0.183879093198992,1
"GO:0099171",0.454509098180364,0.331133773245351,0.296540691861628,0.304739052189562,0.222755448910218,0.397120575884823,0.865655070318283,0.628862094951017,1
"GO:0099173",0.183163367326535,0.233553289342132,0.985802839432114,0.995400919816037,0.979204159168166,0.990801839632074,0.0836772983114447,0.372400756143667,1
"GO:0099175",0.116176764647071,0.254349130173965,0.969006198760248,0.991801639672066,0.943611277744451,0.978404319136173,0.0590026646364675,0.201303680981595,1
"GO:0099188",0.485502899420116,0.724855028994201,0.788842231553689,0.898420315936813,0.531093781243751,0.999800039992002,0.677059276366436,0.495821727019499,1
"GO:0099504",0.107778444311138,0.140971805638872,0.749250149970006,0.891821635672865,0.210157968406319,0.878624275144971,0.235862562634216,0.142961608775137,1
"GO:0099505",0.147770445910818,0.140571885622875,0.219356128774245,0.275544891021796,0.310137972405519,0.125574885022995,0.116137451065681,0.0973942759504485,1
"GO:0099509",0.295540891821636,0.108578284343131,0.309338132373525,0.535892821435713,0.579084183163367,0.565886822635473,0.1508864579404,0.519275250578258,1
"GO:0099523",0.141371725654869,0.102379524095181,0.706658668266347,0.807238552289542,0.580483903219356,0.733453309338132,0.078531796841656,0.0994521702486304,1
"GO:0099531",0.456108778244351,0.332333533293341,0.306738652269546,0.312137572485503,0.226154769046191,0.414917016596681,0.862017247844019,0.628516377649326,1
"GO:0099536",0.382723455308938,0.757848430313937,0.775444911017796,0.816636672665467,0.764447110577884,0.924215156968606,0.284345047923323,0.476873431337397,1
"GO:0099537",0.44631073785243,0.838032393521296,0.692261547690462,0.710857828434313,0.595680863827235,0.646870625874825,0.389492119089317,0.406731113498031,1
"GO:0099560",0.361927614477105,0.519296140771846,0.703259348130374,0.608478304339132,0.540291941611678,0.434713057388522,0.579598804950918,0.503826530612245,1
"GO:0099563",0.458308338332334,0.134173165366927,0.366526694661068,0.457308538292342,0.4125174965007,0.69746050789842,0.363636363636364,0.588553750966744,1
"GO:0099572",0.7000599880024,0.420915816836633,0.425314937012597,0.507698460307938,0.235952809438112,0.25994801039792,0.89259645464025,0.897987833411324,1
"GO:0099634",0.674465106978604,0.307938412317536,0.357328534293141,0.384523095380924,0.013997200559888,0.182963407318536,0.476118841669801,0.518471872376154,1
"GO:0099645",0.0589882023595281,0.101579684063187,0.432713457308538,0.514697060587882,0.500699860027994,0.325534893021396,0.130256791961295,0.0621447517999242,1
"GO:1904315",0.349130173965207,0.2749450109978,0.0897820435912817,0.150569886022795,0.15996800639872,0.136572685462907,0.458549222797927,0.421732522796353,1
"GO:1905606",0.528494301139772,0.608478304339132,0.226554689062188,0.251749650069986,0.506098780243951,0.0435912817436513,0.601851851851852,0.44509886411443,1
"GO:2000300",0.845230953809238,0.584083183363327,0.533093381323735,0.694261147770446,0.34253149370126,0.703059388122376,0.835222978080121,0.910830463069269,1
"SYNGO:metabolism",0.0731853629274145,0.00999800039992002,0.00439912017596481,0.00439912017596481,0.0407918416316737,0.0015996800639872,0.0380255941499086,0.0604229607250755,1
"SYNGO:postsynprocess",0.116576684663067,0.0587882423515297,0.291741651669666,0.480103979204159,0.435912817436513,0.489502099580084,0.176100628930818,0.340373108060542,1
"SYNGO:presynprocess",0.348130373925215,0.971005798840232,0.546690661867626,0.735252949410118,0.167966406718656,0.709858028394321,0.706559665038381,0.482539682539683,1
"SYNGO:transport",0.01999600079984,0.0811837632473505,0.794241151769646,0.871625674865027,0.872625474905019,0.980403919216157,0.0116984402079723,0.0342612419700214,1
"GO:0007268",0.723855228954209,0.572285542891422,0.723455308938212,0.769846030793841,0.750049990002,0.679864027194561,0.841549295774648,0.98159749412686,2
"GO:0007416",0.721055788842232,0.669666066786643,0.880823835232953,0.882023595280944,0.909418116376725,0.834833033393321,0.907297096053611,0.931272875152501,2
"GO:0008021",0.48870225954809,0.394121175764847,0.877024595080984,0.855828834233153,0.873225354929014,0.862627474505099,0.515828677839851,0.89170692431562,2
"GO:0014069",0.897020595880824,0.581083783243351,0.334933013397321,0.290341931613677,0.610877824435113,0.724855028994201,0.772840383931745,0.434108527131783,2
"GO:0016079",0.282943411317736,0.278344331133773,0.482703459308138,0.588082383523295,0.645470905818836,0.440711857628474,0.554118154376887,0.505321245565629,2
"GO:0030285",0.554289142171566,0.602679464107179,0.809638072385523,0.601879624075185,0.834033193361328,0.960807838432314,0.434964450020912,0.942234123947972,2
"GO:0030672",0.210357928414317,0.304739052189562,0.944411117776445,0.921615676864627,0.982003599280144,0.929614077184563,0.1807951987997,0.464667214461791,2
"GO:0042734",0.159368126374725,0.618076384723055,0.547890421915617,0.619076184763047,0.221355728854229,0.280543891221756,0.182608695652174,0.122274143302181,2
"GO:0045211",0.637272545490902,0.875624875024995,0.778044391121776,0.849030193961208,0.805238952209558,0.47630473905219,0.609288453344695,0.748062015503876,2
"GO:0048488",0.974405118976205,0.919416116776645,0.489702059588082,0.492101579684063,0.722855428914217,0.698860227954409,0.966101694915254,0.685295283392786,2
"GO:0048786",0.687062587482503,0.38872225554889,0.551889622075585,0.646070785842831,0.667266546690662,0.353129374125175,0.751662971175166,0.914634146341463,2
"GO:0048787",0.702859428114377,0.479304139172166,0.38872225554889,0.506098780243951,0.618676264747051,0.317336532693461,0.868471216164697,0.92827868852459,2
"GO:0050804",0.968406318736253,0.506498700259948,0.714457108578284,0.735852829434113,0.372725454909018,0.813437312537493,0.951272100043122,0.786153215895125,2
"GO:0050808",0.296340731853629,0.491501699660068,0.985202959408118,0.982403519296141,0.984203159368126,0.968606278744251,0.21,0.587366694011485,2
"GO:0051963",0.368326334733053,0.442111577684463,0.383323335332933,0.389522095580884,0.608678264347131,0.518096380723855,0.564617314930991,0.312938425565082,2
"GO:0060078",0.198560287942412,0.0699860027994401,0.0335932813437313,0.0835832833433313,0.0755848830233953,0.0773845230953809,0.191375770020534,0.175587216018483,2
"GO:0098839",0.637272545490902,0.717256548690262,0.93121375724855,0.937612477504499,0.93381323735253,0.962007598480304,0.47291296625222,0.930993218986837,2
"GO:0098918",0.274545090981804,0.13877224555089,0.224755048990202,0.35872825434913,0.297340531893621,0.174565086982603,0.223400227186672,0.661251015434606,2
"GO:0099010",0.728454309138172,0.637872425514897,0.632273545290942,0.673465306938612,0.757048590281944,0.84623075384923,0.94081942336874,0.85589519650655,2
"GO:0099055",0.492701459708058,0.919016196760648,0.720855828834233,0.78244351129774,0.556888622275545,0.443511297740452,0.519508057675997,0.429339477726574,2
"GO:0099056",0.207358528294341,0.338932213557289,0.495700859828034,0.613277344531094,0.278144371125775,0.248950209958008,0.157507572479446,0.164972634870993,2
"GO:0099059",0.787842431513697,0.948410317936413,0.295940811837632,0.351329734053189,0.50869826034793,0.153369326134773,0.884678747940692,0.760140405616225,2
"GO:0099060",0.634073185362927,0.610677864427115,0.259548090381924,0.271545690861828,0.0667866426714657,0.715656868626275,0.544251447477254,0.285154719937329,2
"GO:0099061",0.600479904019196,0.721455708858228,0.930813837232554,0.943811237752449,0.923215356928614,0.939212157568486,0.51883932438285,0.806540583136328,2
"GO:0099072",0.0465906818636273,0.143971205758848,0.616476704659068,0.595080983803239,0.833833233353329,0.475104979004199,0.102420856610801,0.0874694873881204,2
"GO:0099092",0.520095980803839,0.433513297340532,0.34753049390122,0.353329334133173,0.306338732253549,0.51369726054789,0.784364261168385,0.674492638280939,2
"GO:0099171",0.753849230153969,0.342331533693261,0.364327134573085,0.470505898820236,0.550689862027595,0.375324935012997,0.834657586076428,0.955787781350482,2
"GO:0099173",0.226754649070186,0.515496900619876,0.985602879424115,0.98500299940012,0.883223355328934,0.969406118776245,0.140151515151515,0.310177705977383,2
"GO:0099175",0.0937812437512497,0.557288542291542,0.990601879624075,0.985602879424115,0.894221155768846,0.992601479704059,0.0226550079491256,0.103135313531353,2
"GO:0099188",0.666466706658668,0.415116976604679,0.616876624675065,0.700459908018396,0.802839432113577,0.775244951009798,0.679223300970874,0.915482135996927,2
"GO:0099504",0.452909418116377,0.315536892621476,0.825234953009398,0.873625274945011,0.92121575684863,0.766846630673865,0.820036429872495,0.746855983772819,2
"GO:0099505",0.0301939612077584,0.0313937212557489,0.111777644471106,0.119576084783043,0.0375924815036993,0.0833833233353329,0.020068317677199,0.0118670886075949,2
"GO:0099509",0.245550889822036,0.155368926214757,0.286942611477704,0.377324535092981,0.497300539892022,0.420715856828634,0.332443766679375,0.517776869636289,2
"GO:0099523",0.0505898820235953,0.369726054789042,0.554289142171566,0.423915216956609,0.209558088382324,0.74625074985003,0.126397248495271,0.00887812752219532,2
"GO:0099531",0.7374525094981,0.343531293741252,0.376724655068986,0.47630473905219,0.565486902619476,0.374925014997001,0.835922697991664,0.956008146639511,2
"GO:0099536",0.702059588082384,0.983003399320136,0.872625474905019,0.928814237152569,0.872825434913017,0.776044791041792,0.753785147801009,0.948893360160966,2
"GO:0099537",0.828634273145371,0.887622475504899,0.772845430913817,0.848430313937213,0.720855828834233,0.691661667666467,0.826604181687094,0.962341383544822,2
"GO:0099560",0.211157768446311,0.362927414517097,0.71125774845031,0.60747850429914,0.563087382523495,0.742651469706059,0.481497056349874,0.190095846645367,2
"GO:0099563",0.576884623075385,0.574485102979404,0.584283143371326,0.64747050589882,0.695460907818436,0.803039392121576,0.886459532029152,0.680147058823529,2
"GO:0099572",0.934013197360528,0.549490101979604,0.25754849030194,0.258348330333933,0.368526294741052,0.630073985202959,0.701261261261261,0.547818791946309,2
"GO:0099634",0.837032593481304,0.398120375924815,0.345330933813237,0.35372925414917,0.0499900019996001,0.751049790041992,0.645977950183748,0.327906976744186,2
"GO:0099645",0.0227954409118176,0.0479904019196161,0.52629474105179,0.353929214157169,0.496900619876025,0.651469706058788,0.108241549563236,0.0319410319410319,2
"GO:1904315",0.794241151769646,0.202359528094381,0.0503899220155969,0.0995800839832034,0.0681863627274545,0.0887822435512897,0.536404160475483,0.692588092345079,2
"GO:1905606",0.395920815836833,0.350529894021196,0.521695660867826,0.577084583083383,0.619676064787043,0.406718656268746,0.699122440451316,0.412490055688146,2
"GO:2000300",0.856828634273145,0.684663067386523,0.287142571485703,0.293541291741652,0.402919416116777,0.357328534293141,0.94964330675619,0.784615384615385,2
"SYNGO:metabolism",0.0919816036792642,0.023995200959808,0.002999400119976,0.0015996800639872,0.0551889622075585,0.0973805238952209,0.0810506566604128,0.0775193798449612,2
"SYNGO:postsynprocess",0.29254149170166,0.10497900419916,0.138372325534893,0.15996800639872,0.121175764847031,0.134573085382923,0.159642857142857,0.290650406504065,2
"SYNGO:presynprocess",0.748450309938012,0.924615076984603,0.595080983803239,0.65246950609878,0.646470705858828,0.512897420515897,0.919448153093013,0.706422018348624,2
"SYNGO:transport",0.0201959608078384,0.0979804039192162,0.81003799240152,0.843631273745251,0.788042391521696,0.776644671065787,0.0328975115984817,0.0654690618762475,2
"GO:0007268",0.196560687862428,0.0457908418316337,0.339732053589282,0.367726454709058,0.486702659468106,0.473105378924215,0.0526526526526527,0.381123775244951,3
"GO:0007416",0.207358528294341,0.246750649870026,0.168366326734653,0.124775044991002,0.175564887022595,0.0253949210157968,0.420456842530827,0.146562123039807,3
"GO:0008021",0.0027994401119776,0.0023995200959808,0.0031993601279744,0.0125974805038992,0.0423915216956609,0.0193961207758448,0.00120724346076459,0.0172310158284913,3
"GO:0014069",0.855828834233153,0.702859428114377,0.674065186962608,0.53869226154769,0.81623675264947,0.391121775644871,0.895620875824835,0.869026194761048,3
"GO:0016079",0.781043791241752,0.75124975004999,0.290741851629674,0.213357328534293,0.543891221755649,0.473305338932214,0.949576442113756,0.81123370110331,3
"GO:0030285",0.00899820035992801,0.0275944811037792,0.0107978404319136,0.0113977204559088,0.0165966806638672,0.011997600479904,0.0493386521100147,0.0515083111019906,3
"GO:0030672",0,0,0.000399920015996801,0.00379924015196961,0.0101979604079184,0.0011997600479904,0.000201328769881216,0.00320705552214873,3
"GO:0042734",0.0547890421915617,0.0417916416716657,0.532093581283743,0.376924615076985,0.390521895620876,0.425314937012597,0.0304304304304304,0.0456,3
"GO:0045211",0.148370325934813,0.0595880823835233,0.231153769246151,0.188162367526495,0.0715856828634273,0.593081383723255,0.225922953451043,0.13,3
"GO:0048488",0.121975604879024,0.0505898820235953,0.0495900819836033,0.110777844431114,0.118976204759048,0.425314937012597,0.218444538886528,0.222915367020171,3
"GO:0048786",0.0303939212157568,0.0363927214557089,0.131973605278944,0.242351529694061,0.129574085182963,0.600079984003199,0.0510389348396207,0.0780810919309514,3
"GO:0048787",0.0355928814237153,0.0793841231753649,0.201559688062388,0.321935612877425,0.215356928614277,0.416516696660668,0.0280852808528085,0.115096251266464,3
"GO:0050804",0.586082783443311,0.145770845830834,0.22995400919816,0.264147170565887,0.477704459108178,0.4375124975005,0.44469160768453,0.667402649538338,3
"GO:0050808",0.189162167566487,0.0801839632073585,0.277944411117776,0.212157568486303,0.310537892421516,0.492301539692062,0.15996800639872,0.199760047990402,3
"GO:0051963",0.540691861627674,0.610277944411118,0.49630073985203,0.361727654469106,0.489902019596081,0.125374925014997,0.617211919149823,0.478430566967954,3
"GO:0060078",0.569086182763447,0.462307538492302,0.722655468906219,0.759848030393921,0.80623875224955,0.801039792041592,0.511527377521614,0.635289323553382,3
"GO:0098839",0.133373325334933,0.132773445310938,0.0355928814237153,0.0385922815436913,0.0265946810637872,0.201959608078384,0.254057303145662,0.0921658986175115,3
"GO:0098918",0.431113777244551,0.193561287742452,0.547090581883623,0.626074785042991,0.55128974205159,0.825634873025395,0.490459670424978,0.518760539629005,3
"GO:0099010",0.572085582883423,0.190161967606479,0.415116976604679,0.474505098980204,0.494101179764047,0.999800039992002,0.551843069627075,0.608074011774601,3
"GO:0099055",0.211957608478304,0.101779644071186,0.218356328734253,0.145770845830834,0.109778044391122,0.509298140371926,0.382216857775096,0.20905993185007,3
"GO:0099056",0.0221955608878224,0.0489902019596081,0.487302539492102,0.277144571085783,0.26494701059788,0.307138572285543,0.0202607823470411,0.0138165798958751,3
"GO:0099059",0.0305938812237553,0.0765846830633873,0.198160367926415,0.284543091381724,0.181963607278544,0.427914417116577,0.0689870779491455,0.0938716950194712,3
"GO:0099060",0.597280543891222,0.512697460507898,0.824035192961408,0.887222555488902,0.804439112177564,0.999800039992002,0.757225433526012,0.622282608695652,3
"GO:0099061",0.0745850829834033,0.155568886222755,0.110577884423115,0.0863827234553089,0.0617876424715057,0.173365326934613,0.220366270879453,0.0362507510514721,3
"GO:0099072",0.16876624675065,0.0465906818636273,0.0503899220155969,0.141371725654869,0.223955208958208,0.413517296540692,0.155020080321285,0.293669871794872,3
"GO:0099092",0.969806038792242,0.93501299740052,0.991401719656069,0.985802839432114,0.989202159568086,0.883223355328934,0.87362294741218,0.993268053855569,3
"GO:0099171",0.0401919616076785,0.0895820835832833,0.0343931213757249,0.0507898420315937,0.0995800839832034,0.188962207558488,0.0337007206443408,0.164377861007074,3
"GO:0099173",0.216356728654269,0.167566486702659,0.0577884423115377,0.0307938412317536,0.190561887622476,0.231353729254149,0.403449726546066,0.28813209494324,3
"GO:0099175",0.0477904419116177,0.0803839232153569,0.0107978404319136,0.00419916016796641,0.000799840031993601,0.129174165166967,0.0571428571428571,0.203750526759376,3
"GO:0099188",0.491701659668066,0.595480903819236,0.69506098780244,0.683463307338532,0.339732053589282,0.82623475304939,0.781561822125813,0.511416490486258,3
"GO:0099504",0.0193961207758448,0.0013997200559888,0.00439912017596481,0.016996600679864,0.020995800839832,0.210757848430314,0.0111977604479104,0.0349930013997201,3
"GO:0099505",0.205958808238352,0.271345730853829,0.874225154969006,0.902819436112777,0.786642671465707,0.999800039992002,0.109214315096668,0.269699431356621,3
"GO:0099509",0.149170165966807,0.281743651269746,0.180563887222555,0.123575284943011,0.25494901019796,0.513297340531894,0.429035049762008,0.288003373392368,3
"GO:0099523",0.812837432513497,0.725254949010198,0.751649670065987,0.72005598880224,0.794841031793641,0.848030393921216,0.756681633525764,0.863655374320368,3
"GO:0099531",0.0433913217356529,0.0873825234953009,0.0345930813837233,0.0493901219756049,0.0987802439512098,0.189562087582483,0.0395098246355377,0.170822942643392,3
"GO:0099536",0.120575884823035,0.0291941611677664,0.0705858828234353,0.0805838832233553,0.136372725454909,0.277344531093781,0.0452090418083617,0.328334333133373,3
"GO:0099537",0.223355328934213,0.0327934413117376,0.284543091381724,0.379524095180964,0.409318136372725,0.520695860827834,0.0556,0.416916616676665,3
"GO:0099560",0.574885022995401,0.687062587482503,0.731453709258148,0.585482903419316,0.80503899220156,0.342331533693261,0.485545473728635,0.678356505499066,3
"GO:0099563",0.544491101779644,0.231753649270146,0.470505898820236,0.528894221155769,0.589282143571286,0.999800039992002,0.45792775254164,0.646564404286615,3
"GO:0099572",0.852029594081184,0.634873025394921,0.741651669666067,0.67746450709858,0.872625474905019,0.488502299540092,0.841431713657269,0.905218956208758,3
"GO:0099634",0.308938212357528,0.366726654669066,0.524095180963807,0.535292941411718,0.434513097380524,0.460307938412318,0.689961880559085,0.303907380607815,3
"GO:0099645",0.00619876024795041,0.0373925214957009,0.0655868826234753,0.0955808838232353,0.129774045190962,0.356128774245151,0.00376805526481055,0.0129843363561418,3
"GO:1904315",0.0473905218956209,0.0521895620875825,0.487702459508098,0.562287542491502,0.695860827834433,0.84123175364927,0.0215811965811966,0.114723154362416,3
"GO:1905606",0.266946610677864,0.296740651869626,0.283143371325735,0.289742051589682,0.293141371725655,0.239752049590082,0.401210549070471,0.425717321997875,3
"GO:2000300",0.689662067586483,0.689262147570486,0.234153169366127,0.117376524695061,0.413917216556689,0.382123575284943,0.931019616296616,0.706907411295402,3
"SYNGO:metabolism",0.979204159168166,0.810837832433513,0.997400519896021,0.998000399920016,0.996600679864027,0.999800039992002,0.112676056338028,0.813559322033898,3
"SYNGO:postsynprocess",0.418116376724655,0.166766646670666,0.274545090981804,0.361927614477105,0.64247150569886,0.562287542491502,0.190361927614477,0.481903619276145,3
"SYNGO:presynprocess",0.00899820035992801,0.000599880023995201,0.0441911617676465,0.117776444711058,0.0887822435512897,0.569286142771446,0.0031993601279744,0.0191961607678464,3
"SYNGO:transport",0.69626074785043,0.698660267946411,0.44631073785243,0.519296140771846,0.395920815836833,0.819836032793441,0.911019701234033,0.659728122344945,3
"GO:0007268",0.173365326934613,0.296540691861628,0.454709058188362,0.394321135772845,0.674465106978604,0.575284943011398,0.163673057517659,0.49499799919968,4
"GO:0007416",0.129374125174965,0.133973205358928,0.661067786442711,0.60247950409918,0.529094181163767,0.907018596280744,0.146356653518788,0.174894217207334,4
"GO:0008021",0.0339932013597281,0.0939812037592481,0.0987802439512098,0.175364927014597,0.247950409918016,0.341731653669266,0.0387136419500205,0.129206730769231,4
"GO:0014069",0.366326734653069,0.427314537092581,0.374925014997001,0.240951809638072,0.176164767046591,0.168366326734653,0.555822810182401,0.295740851829634,4
"GO:0016079",0.604679064187163,0.822035592881424,0.685462907418516,0.59628074385123,0.192161567686463,0.572285542891422,0.624843423799582,0.472199838839645,4
"GO:0030285",0.533493301339732,0.48130373925215,0.852429514097181,0.927614477104579,0.915216956608678,0.999800039992002,0.534478960123375,0.76932616783795,4
"GO:0030672",0.00739852029594081,0.0133973205358928,0.0849830033993201,0.150169966006799,0.28374325134973,0.295140971805639,0.00619067271976888,0.0497991967871486,4
"GO:0042734",0.640271945610878,0.310737852429514,0.831633673265347,0.94121175764847,0.615476904619076,0.923015396920616,0.444534577164875,0.584516903380676,4
"GO:0045211",0.366526694661068,0.239352129574085,0.0623875224955009,0.103579284143171,0.126574685062987,0.365726854629074,0.43298759406142,0.480672942118967,4
"GO:0048488",0.252349530093981,0.146370725854829,0.295540891821636,0.421115776844631,0.340131973605279,0.479504099180164,0.101331527871812,0.32672849915683,4
"GO:0048786",0.00659868026394721,0.0317936412717457,0.0491901619676065,0.0307938412317536,0.0237952409518096,0.186362727454509,0.0421463815789474,0.0188755020080321,4
"GO:0048787",0.0359928014397121,0.02999400119976,0.0957808438312338,0.176964607078584,0.0843831233753249,0.332133573285343,0.051478408849181,0.1161800486618,4
"GO:0050804",0.20755848830234,0.338932213557289,0.279744051189762,0.191761647670466,0.46870625874825,0.324135172965407,0.29361790302528,0.339827274553123,4
"GO:0050808",0.010997800439912,0.0473905218956209,0.46750649870026,0.181363727254549,0.276544691061788,0.317336532693461,0.0372074414882977,0.0247950409918016,4
"GO:0051963",0.765646870625875,0.72005598880224,0.890621875624875,0.890621875624875,0.802639472105579,0.900219956008798,0.909590849098108,0.882123019954742,4
"GO:0060078",0.548490301939612,0.579084183163367,0.285142971405719,0.399520095980804,0.211957608478304,0.51369726054789,0.700934579439252,0.575626798191533,4
"GO:0098839",0.348130373925215,0.622675464907019,0.903619276144771,0.904019196160768,0.657868426314737,0.765646870625875,0.503668976763147,0.155017023833367,4
"GO:0098918",0.0267946410717856,0.125374925014997,0.125174965006999,0.0485902819436113,0.127774445110978,0.149370125974805,0.231162790697674,0.0331267364821543,4
"GO:0099010",0.200159968006399,0.450509898020396,0.34373125374925,0.20995800839832,0.295940811837632,0.180363927214557,0.354118729866544,0.0707436607713616,4
"GO:0099055",0.539892021595681,0.320735852829434,0.0843831233753249,0.166166766646671,0.268546290741852,0.65246950609878,0.577033689400164,0.594703049759229,4
"GO:0099056",0.710257948410318,0.334933013397321,0.746850629874025,0.931813637272546,0.659068186362727,0.986002799440112,0.547785069729286,0.728511320376678,4
"GO:0099059",0.16876624675065,0.0787842431513697,0.235352929414117,0.415916816636673,0.165566886622675,0.448910217956409,0.117493472584856,0.231211498973306,4
"GO:0099060",0.187362527494501,0.0987802439512098,0.176564687062587,0.349130173965207,0.204359128174365,0.49370125974805,0.081493284771227,0.324489366182354,4
"GO:0099061",0.33253349330134,0.566686662667466,0.898820235952809,0.908618276344731,0.650269946010798,0.816036792641472,0.53749484960857,0.183132530120482,4
"GO:0099072",0.0513897220555889,0.0367926414717057,0.0813837232553489,0.118976204759048,0.19256148770246,0.107978404319136,0.0660377358490566,0.14188376753507,4
"GO:0099092",0.750249950009998,0.87122575484903,0.104179164167167,0.0779844031193761,0.0747850429914017,0.170565886822635,0.65790050405435,0.552404438964242,4
"GO:0099171",0.105178964207159,0.190961807638472,0.38872225554889,0.405118976204759,0.674265146970606,0.506898620275945,0.0533991474085708,0.313442211055276,4
"GO:0099173",0.198960207958408,0.127974405118976,0.400319936012797,0.25754849030194,0.33873225354929,0.233553289342132,0.32209405501331,0.153653966271081,4
"GO:0099175",0.144171165766847,0.0757848430313937,0.2375524895021,0.317736452709458,0.346730653869226,0.177164567086583,0.0904033379694019,0.132446134347275,4
"GO:0099188",0.109778044391122,0.230753849230154,0.7250549890022,0.50249950009998,0.474705058988202,0.646870625874825,0.186582809224319,0.152252829382874,4
"GO:0099504",0.00599880023995201,0.0413917216556689,0.0543891221755649,0.0297940411917616,0.0185962807438512,0.187562487502499,0.0399277688603531,0.0421915616876625,4
"GO:0099505",0.854029194161168,0.437912417516497,0.131973605278944,0.317736452709458,0.0621875624875025,0.522095580883823,0.0852941176470588,0.752749490835031,4
"GO:0099509",0.0935812837432514,0.203559288142372,0.413517296540692,0.391521695660868,0.496700659868026,0.537292541491702,0.149329634766528,0.285805219605347,4
"GO:0099523",0.779844031193761,0.794041191761648,0.963007398520296,0.966006798640272,0.719256148770246,0.894021195760848,0.515288788221971,0.886680761099366,4
"GO:0099531",0.0995800839832034,0.196560687862428,0.402319536092781,0.423915216956609,0.681063787242551,0.519696060787842,0.0562868815251929,0.303533866217922,4
"GO:0099536",0.104579084183163,0.100379924015197,0.34373125374925,0.388122375524895,0.590281943611278,0.650269946010798,0.0833333333333333,0.338332333533293,4
"GO:0099537",0.0797840431913617,0.0809838032393521,0.306738652269546,0.331133773245351,0.571085782843431,0.626674665066987,0.0675486069352576,0.3264,4
"GO:0099560",0.740651869626075,0.42251549690062,0.882423515296941,0.954609078184363,0.876824635072985,0.999800039992002,0.7890625,0.902352696231522,4
"GO:0099563",0.137972405518896,0.278144371125775,0.238152369526095,0.145170965806839,0.208958208358328,0.135372925414917,0.224361948955916,0.0334683436367512,4
"GO:0099572",0.176364727054589,0.292141571685663,0.108378324335133,0.0605878824235153,0.0393921215756849,0.0991801639672066,0.2296,0.156168766246751,4
"GO:0099634",0.100779844031194,0.0649870025994801,0.111577684463107,0.236552689462108,0.152569486102779,0.429714057188562,0.0349619004930524,0.206968495722929,4
"GO:0099645",0.00339932013597281,0.0001999600079984,0.0027994401119776,0.00599880023995201,0.0213957208558288,0.0011997600479904,0.00221729490022173,0.00520724848989794,4
"GO:1904315",0.0557888422315537,0.0427914417116577,0.0597880423915217,0.101179764047191,0.137372525494901,0.156768646270746,0.0550521069324875,0.135440653129579,4
"GO:1905606",0.853429314137173,0.715256948610278,0.848630273945211,0.921615676864627,0.847030593881224,0.945210957808438,0.873668188736682,0.942087399236317,4
"GO:2000300",0.457308538292342,0.50129974005199,0.679464107178564,0.659868026394721,0.485502899420116,0.696460707858428,0.598896044158234,0.66441393875396,4
"SYNGO:metabolism",0.500299940011998,0.451109778044391,0.884823035392921,0.904019196160768,0.911817636472705,0.888222355528894,0.666448801742919,0.782751540041068,4
"SYNGO:postsynprocess",0.0437912417516497,0.00859828034393121,0.0147970405918816,0.0365926814637073,0.0865826834633073,0.0535892821435713,0.0258672548626429,0.117376524695061,4
"SYNGO:presynprocess",0.0303939212157568,0.0375924815036993,0.0845830833833233,0.0965806838632274,0.028994201159768,0.309338132373525,0.102641056422569,0.0733853229354129,4
"SYNGO:transport",0.771045790841832,0.592281543691262,0.999400119976005,0.996400719856029,0.998000399920016,0.945610877824435,0.0118694362017804,0.192691029900332,4
"GO:0007268",0.18876224755049,0.454509098180364,0.846630673865227,0.61747650469906,0.758848230353929,0.599080183963207,0.0964314354450682,0.265253050610122,5
"GO:0007416",0.230153969206159,0.488302339532094,0.585682863427315,0.583883223355329,0.761447710457908,0.789642071585683,0.181578413471292,0.373368146214099,5
"GO:0008021",0.0201959608078384,0.0413917216556689,0.0549890021995601,0.0383923215356929,0.207358528294341,0.0487902419516097,0.0452989732232736,0.0785728602926438,5
"GO:0014069",0.644071185762847,0.659068186362727,0.855428914217157,0.855628874225155,0.892621475704859,0.674465106978604,0.7278,0.683863227354529,5
"GO:0016079",0.83123375324935,0.907418516296741,0.531893621275745,0.257148570285943,0.713857228554289,0.182763447310538,0.943847557267383,0.819573097060008,5
"GO:0030285",0.0663867226554689,0.197160567886423,0.102779444111178,0.0833833233353329,0.105778844231154,0.0875824835032993,0.265661499256742,0.0859326585416236,5
"GO:0030672",0.0017996400719856,0.00999800039992002,0.0255948810237952,0.0391921615676865,0.0849830033993201,0.0369926014797041,0.00707499494643218,0.0118569131832797,5
"GO:0042734",0.416916616676665,0.721055788842232,0.97880423915217,0.934813037392522,0.967006598680264,0.653069386122775,0.165596146126054,0.302660532106421,5
"GO:0045211",0.617276544691062,0.434913017396521,0.579084183163367,0.779844031193761,0.708058388322336,0.999800039992002,0.5431900361591,0.557022809123649,5
"GO:0048488",0.439112177564487,0.160767846430714,0.288542291541692,0.393321335732853,0.318136372725455,0.476104779044191,0.41378574477166,0.45122967903293,5
"GO:0048786",0.0221955608878224,0.17876424715057,0.259548090381924,0.107578484303139,0.181363727254549,0.306138772245551,0.171682488386185,0.0361228175797712,5
"GO:0048787",0.0125974805038992,0.0587882423515297,0.145370925814837,0.0519896020795841,0.192961407718456,0.230153969206159,0.0564632885211996,0.0388922826308288,5
"GO:0050804",0.500099980003999,0.465706858628274,0.615076984603079,0.597880423915217,0.772045590881824,0.681063787242551,0.543407707910751,0.720233306516492,5
"GO:0050808",0.35372925414917,0.47370525894821,0.685462907418516,0.796040791841632,0.747850429914017,0.881823635272945,0.486102779444111,0.302939412117576,5
"GO:0051963",0.758448310337932,0.604479104179164,0.814837032593481,0.879624075184963,0.875824835032993,0.999800039992002,0.562250682343061,0.956084547506669,5
"GO:0060078",0.851429714057189,0.955208958208358,0.902019596080784,0.902019596080784,0.568286342731454,0.999800039992002,0.846345514950166,0.733605720122574,5
"GO:0098839",0.25254949010198,0.57628474305139,0.270945810837832,0.252149570085983,0.155568886222755,0.165766846630674,0.416096579476861,0.1526748146664,5
"GO:0098918",0.340531893621276,0.3375324935013,0.516896620675865,0.625074985002999,0.27754449110178,0.999800039992002,0.492896174863388,0.253566106025122,5
"GO:0099010",0.754649070185963,0.739052189562088,0.611877624475105,0.64127174565087,0.835232953409318,0.999800039992002,0.904594416355243,0.717308506136268,5
"GO:0099055",0.655668866226755,0.545290941811638,0.465506898620276,0.713057388522295,0.47870425914817,0.999800039992002,0.469071126334878,0.578673080777711,5
"GO:0099056",0.327134573085383,0.568886222755449,0.862427514497101,0.780643871225755,0.804839032193561,0.494501099780044,0.338229376257545,0.246742834235318,5
"GO:0099059",0.0155968806238752,0.0661867626474705,0.0595880823835233,0.0185962807438512,0.123375324935013,0.104379124175165,0.135942760942761,0.0366953669536695,5
"GO:0099060",0.529094181163767,0.930613877224555,0.46370725854829,0.375524895020996,0.0663867226554689,0.47130573885223,0.57198275862069,0.181188326684862,5
"GO:0099061",0.261947610477904,0.56368726254749,0.499900019996001,0.46630673865227,0.419516096780644,0.245350929814037,0.532336297493937,0.202287778446719,5
"GO:0099072",0.020995800839832,0.0135972805438912,0.0453909218156369,0.0559888022395521,0.0825834833033393,0.135372925414917,0.0320887991927346,0.0176423416198877,5
"GO:0099092",0.573485302939412,0.500299940011998,0.859428114377125,0.829834033193361,0.772845430913817,0.532893421315737,0.638830897703549,0.720744680851064,5
"GO:0099171",0.0435912817436513,0.288342331533693,0.458508298340332,0.108178364327135,0.13877224555089,0.209558088382324,0.0412941677309493,0.0231153685964182,5
"GO:0099173",0.12877424515097,0.0271945610877824,0.151369726054789,0.240151969606079,0.328134373125375,0.336532693461308,0.09394261424017,0.182419855222337,5
"GO:0099175",0.021995600879824,0.021995600879824,0.0403919216156769,0.0981803639272146,0.253549290141972,0.301139772045591,0.00772456411388215,0.0626331487004687,5
"GO:0099188",0.389922015596881,0.258148370325935,0.868426314737053,0.894821035792841,0.750849830033993,0.999800039992002,0.228936921041023,0.419189765458422,5
"GO:0099504",0.124375124975005,0.0485902819436113,0.188162367526495,0.161167766446711,0.281943611277744,0.163967206558688,0.130904723779023,0.1308,5
"GO:0099505",0.46130773845231,0.649870025994801,0.899820035992801,0.877624475104979,0.865626874625075,0.999800039992002,0.399834779016935,0.355949470252649,5
"GO:0099509",0.374325134973005,0.401519696060788,0.70745850829834,0.674865026994601,0.684063187362527,0.448510297940412,0.546288209606987,0.511111111111111,5
"GO:0099523",0.701059788042392,0.627674465106979,0.889022195560888,0.854429114177165,0.894221155768846,0.469306138772246,0.735922330097087,0.852916491817037,5
"GO:0099531",0.0427914417116577,0.286542691461708,0.465306938612278,0.110977804439112,0.143371325734853,0.218156368726255,0.0433104631217839,0.0271059216013344,5
"GO:0099536",0.138972205558888,0.241551689662068,0.709858028394321,0.501499700059988,0.754449110177964,0.569086182763447,0.0766153230646129,0.203359328134373,5
"GO:0099537",0.14377124575085,0.375324935012997,0.816436712657469,0.658668266346731,0.787642471505699,0.666666666666667,0.0846,0.212157568486303,5
"GO:0099560",0.946810637872425,0.628074385122975,0.527894421115777,0.63247350529894,0.430313937212558,0.503499300139972,0.433566433566434,0.871101012187565,5
"GO:0099563",0.771445710857828,0.785642871425715,0.719456108778244,0.711857628474305,0.887622475504899,0.999800039992002,0.925457715780296,0.732251948599115,5
"GO:0099572",0.64627074585083,0.846830633873225,0.793041391721656,0.769446110777844,0.743651269746051,0.424715056988602,0.753249350129974,0.533293341331734,5
"GO:0099634",0.343131373725255,0.807838432313537,0.307338532293541,0.229754049190162,0.0377924415116977,0.31993601279744,0.475122784539825,0.127708333333333,5
"GO:0099645",0.0023995200959808,0.0141971605678864,0.0257948410317936,0.0411917616476705,0.0865826834633073,0.0833833233353329,0.0101889195499894,0.0111847555923778,5
"GO:1904315",0.170965806838632,0.102779444111178,0.797840431913617,0.775644871025795,0.424115176964607,0.999800039992002,0.0685049547608789,0.0403870424905343,5
"GO:1905606",0.647670465906819,0.557888422315537,0.709858028394321,0.815836832633473,0.896620675864827,0.659468106378724,0.638344706141316,0.838914794404409,5
"GO:2000300",0.47750449910018,0.450109978004399,0.685862827434513,0.69126174765047,0.81123775244951,0.460707858428314,0.544563085639573,0.673064754271251,5
"SYNGO:metabolism",0.829634073185363,0.749850029994001,0.981003799240152,0.992801439712058,0.99500099980004,0.999800039992002,0.794025485690412,0.929187192118227,5
"SYNGO:postsynprocess",0.237752449510098,0.404319136172765,0.134173165366927,0.137972405518896,0.168166366726655,0.129174165166967,0.107421484296859,0.104179164167167,5
"SYNGO:presynprocess",0.154169166166767,0.205358928214357,0.51369726054789,0.482103579284143,0.67626474705059,0.197160567886423,0.167166566686663,0.130573885222955,5
"SYNGO:transport",0.843631273745251,0.854029194161168,0.47130573885223,0.398920215956809,0.644471105778844,0.639072185562887,0.934616225672425,0.847913577631858,5
"GO:0007268",0.323935212957409,0.405918816236753,0.664667066586683,0.530293941211758,0.131973605278944,0.727854429114177,0.537130801687764,0.374821173104435,6
"GO:0007416",0.176164767046591,0.33373325334933,0.718656268746251,0.538892221555689,0.314337132573485,0.820435912817437,0.258906285454958,0.226203323980142,6
"GO:0008021",0.0163967206558688,0.133973205358928,0.345930813837233,0.199760047990402,0.452909418116377,0.46630673865227,0.0437158469945355,0.0164003364171573,6
"GO:0014069",0.497100579884023,0.566486702659468,0.509298140371926,0.549290141971606,0.222955408918216,0.474305138972206,0.714870116588259,0.571601208459214,6
"GO:0016079",0.725254949010198,0.926414717056589,0.749650069986003,0.658068386322735,0.729254149170166,0.615876824635073,0.922396187882914,0.662290142057684,6
"GO:0030285",0.166166766646671,0.294341131773645,0.487302539492102,0.429514097180564,0.749850029994001,0.330733853229354,0.177667493796526,0.22440036900369,6
"GO:0030672",0.0025994801039792,0.00459908018396321,0.202759448110378,0.118376324735053,0.350329934013197,0.217356528694261,0.00849921717736524,0.00340425531914894,6
"GO:0042734",0.392121575684863,0.800439912017596,0.913217356528694,0.848430313937213,0.368526294741052,0.759848030393921,0.299295022431104,0.247216494845361,6
"GO:0045211",0.306738652269546,0.250549890021996,0.261947610477904,0.349530093981204,0.313937212557489,0.166766646670666,0.490170663210197,0.417913549459684,6
"GO:0048488",0.322735452909418,0.209758048390322,0.4375124975005,0.489502099580084,0.548490301939612,0.701659668066387,0.616182048040455,0.503573130061934,6
"GO:0048786",0.0193961207758448,0.0409918016396721,0.107778444311138,0.0759848030393921,0.0201959608078384,0.0981803639272146,0.0175516551877361,0.00212089077412513,6
"GO:0048787",0.0305938812237553,0.0737852429514097,0.0529894021195761,0.0573885222955409,0.0223955208958208,0.0457908418316337,0.0189035916824197,0.00866666666666667,6
"GO:0050804",0.471105778844231,0.394921015796841,0.47630473905219,0.428114377124575,0.235752849430114,0.545290941811638,0.62681889411238,0.475058873902805,6
"GO:0050808",0.0623875224955009,0.0499900019996001,0.855828834233153,0.875224955008998,0.516896620675865,0.988602279544091,0.107676767676768,0.102625776708759,6
"GO:0051963",0.781443711257748,0.884423115376925,0.737852429514097,0.583883223355329,0.572885422915417,0.722255548890222,0.974761087968635,0.804610819447615,6
"GO:0060078",0.730653869226155,0.925214957008598,0.174165166966607,0.214557088582284,0.103179364127175,0.121575684863027,0.629486870633582,0.441496598639456,6
"GO:0098839",0.283343331333733,0.43131373725255,0.495700859828034,0.416116776644671,0.0857828434313137,0.49370125974805,0.542573830566933,0.238759367194005,6
"GO:0098918",0.0887822435512897,0.0775844831033793,0.54629074185163,0.504299140171966,0.523095380923815,0.483103379324135,0.285343709468223,0.0970239535446407,6
"GO:0099010",0.497300539892022,0.168366326734653,0.235952809438112,0.27254549090182,0.349730053989202,0.684263147370526,0.530506721820062,0.652750965250965,6
"GO:0099055",0.373525294941012,0.230353929214157,0.183963207358528,0.276344731053789,0.2875424915017,0.100979804039192,0.541712768311573,0.444210968690901,6
"GO:0099056",0.304739052189562,0.544091181763647,0.73005398920216,0.618876224755049,0.388322335532893,0.530493901219756,0.555216728381616,0.259344330757987,6
"GO:0099059",0.0889822035592881,0.190561887622476,0.0657868426314737,0.0635872825434913,0.0339932013597281,0.0675864827034593,0.166953105818807,0.0714775062799726,6
"GO:0099060",0.462107578484303,0.699060187962408,0.298540291941612,0.243951209758048,0.198960207958408,0.347330533893221,0.600560795309712,0.318788745827372,6
"GO:0099061",0.244151169766047,0.344131173765247,0.664867026594681,0.618876224755049,0.159168166366727,0.52369526094781,0.678381962864722,0.295950816196735,6
"GO:0099072",0.0177964407118576,0.0017996400719856,0.0417916416716657,0.0751849630073985,0.0353929214157169,0.0325934813037392,0.0098922840184656,0.0181014523258261,6
"GO:0099092",0.893621275744851,0.692061587682464,0.603879224155169,0.543091381723655,0.802039592081584,0.712257548490302,0.998782269849001,0.9696,6
"GO:0099171",0.124175164967007,0.121975604879024,0.260747850429914,0.128374325134973,0.0247950409918016,0.515896820635873,0.281558310144194,0.0556603773584906,6
"GO:0099173",0.0905818836232753,0.145770845830834,0.448110377924415,0.386122775444911,0.533293341331734,0.812237552489502,0.188104089219331,0.211596913724573,6
"GO:0099175",0.0217956408718256,0.0973805238952209,0.2999400119976,0.21995600879824,0.533093381323735,0.538092381523695,0.0599162742019885,0.0901999024865919,6
"GO:0099188",0.236352729454109,0.183363327334533,0.936612677464507,0.971605678864227,0.875024995001,0.99000199960008,0.203569580962235,0.33047525722685,6
"GO:0099504",0.0307938412317536,0.135772845430914,0.651469706058788,0.480703859228154,0.483503299340132,0.527894421115777,0.081929715117488,0.0349664565968693,6
"GO:0099505",0.792041591681664,0.700859828034393,0.264347130573885,0.369926014797041,0.0783843231353729,0.186362727454509,0.6458432304038,0.462314939434724,6
"GO:0099509",0.16376724655069,0.0919816036792642,0.744651069786043,0.813237352529494,0.831633673265347,0.866426714657069,0.170146137787056,0.199125789218067,6
"GO:0099523",0.882623475304939,0.928614277144571,0.893421315736853,0.860627874425115,0.85622875424915,0.842831433713257,0.5338904363974,0.972063037249284,6
"GO:0099531",0.123575284943011,0.134373125374925,0.283143371325735,0.137372525494901,0.0285942811437712,0.531693661267746,0.29214896829391,0.0584767743456732,6
"GO:0099536",0.0911817636472705,0.137572485502899,0.441111777644471,0.267746450709858,0.120575884823035,0.641471705658868,0.280984895510035,0.200851236319416,6
"GO:0099537",0.139572085582883,0.187762447510498,0.568086382723455,0.409118176364727,0.121775644871026,0.706458708258348,0.348305260969016,0.270149858242203,6
"GO:0099560",0.944411117776445,0.989602079584083,0.383323335332933,0.49630073985203,0.621075784843031,0.24255148970206,0.698428290766208,0.856001879257693,6
"GO:0099563",0.414517096580684,0.133573285342931,0.22995400919816,0.287942411517696,0.345730853829234,0.463507298540292,0.381480526180036,0.56376323387873,6
"GO:0099572",0.421115776844631,0.552689462107579,0.374925014997001,0.385522895420916,0.0803839232153569,0.461907618476305,0.667809600645421,0.364255660188339,6
"GO:0099634",0.267746450709858,0.497100579884023,0.201959608078384,0.133173365326935,0.140571885622875,0.339932013597281,0.483137646764926,0.214269060387037,6
"GO:0099645",0.000999800039992002,0.0015996800639872,0.00939812037592481,0.00839832033593281,0.0125974805038992,0.001999600079984,0.000248756218905473,0.000234962406015038,6
"GO:1904315",0.0675864827034593,0.102779444111178,0.0943811237752449,0.121375724855029,0.0739852029594081,0.272745450909818,0.0748743718592965,0.0318592486923443,6
"GO:1905606",0.686662667466507,0.681063787242551,0.7374525094981,0.760447910417916,0.88622275544891,0.557688462307539,0.982565703877179,0.872278664731495,6
"GO:2000300",0.673065386922616,0.771045790841832,0.686462707458508,0.737852429514097,0.817436512697461,0.726454709058188,0.882261410788382,0.825012118274358,6
"SYNGO:metabolism",0.332133573285343,0.304539092181564,0.646470705858828,0.733453309338132,0.602679464107179,0.771445710857828,0.469372873116189,0.386629910406616,6
"SYNGO:postsynprocess",0.0687862427514497,0.00679864027194561,0.00719856028794241,0.0217956408718256,0.011997600479904,0.000799840031993601,0.014037985136251,0.0375757575757576,6
"SYNGO:presynprocess",0.0711857628474305,0.203959208158368,0.493501299740052,0.438112377524495,0.308338332333533,0.230353929214157,0.173904220779221,0.0527371165029076,6
"SYNGO:transport",0.463107378524295,0.700259948010398,0.752849430113977,0.633473305338932,0.85122975404919,0.753649270145971,0.347635726795096,0.251461988304094,6
"GO:0007268",0.271745650869826,0.391121775644871,0.906818636272746,0.816636672665467,0.622275544891022,0.88122375524895,0.255454352891337,0.286204807109675,7
"GO:0007416",0.808238352329534,0.948810237952409,0.631073785242951,0.675464907018596,0.637872425514897,0.635272945410918,0.949931725079654,0.790914747977598,7
"GO:0008021",0.161967606478704,0.271545690861828,0.717656468706259,0.621875624875025,0.566886622675465,0.417916416716657,0.159806295399516,0.14004914004914,7
"GO:0014069",0.755848830233953,0.724455108978204,0.889222155568886,0.883223355328934,0.943811237752449,0.778644271145771,0.783063358622104,0.884299177862442,7
"GO:0016079",0.218156368726255,0.195560887822436,0.22875424915017,0.211557688462308,0.656668666266747,0.146970605878824,0.249771689497717,0.257112970711297,7
"GO:0030285",0.0315936812637473,0.0207958408318336,0.413917216556689,0.529094181163767,0.386922615476905,0.342731453709258,0.0880117675900956,0.0475564321718168,7
"GO:0030672",0.195760847830434,0.311737652469506,0.877024595080984,0.83123375324935,0.638072385522895,0.635072985402919,0.188577827547592,0.188648090815273,7
"GO:0042734",0.0827834433113377,0.286942611477704,0.0645870825834833,0.0557888422315537,0.0227954409118176,0.0573885222955409,0.0252622564761293,0.0161812297734628,7
"GO:0045211",0.603879224155169,0.884423115376925,0.987802439512098,0.98000399920016,0.605478904219156,0.941611677664467,0.419117647058824,0.575066204929721,7
"GO:0048488",0.177564487102579,0.095380923815237,0.381123775244951,0.358528294341132,0.246750649870026,0.718456308738252,0.148990544339382,0.174534725374489,7
"GO:0048786",0.601079784043191,0.767046590681864,0.676664667066587,0.625274945010998,0.591681663667267,0.682063587282543,0.8069151324652,0.58756712102437,7
"GO:0048787",0.500499900019996,0.756048790241952,0.694661067786443,0.645670865826835,0.529094181163767,0.673065386922616,0.820518924065699,0.444871794871795,7
"GO:0050804",0.706058788242352,0.647070585882823,0.988402319536093,0.990601879624075,0.979204159168166,0.966406718656269,0.573852069667496,0.878063980058164,7
"GO:0050808",0.958008398320336,0.887622475504899,0.972605478904219,0.966006798640272,0.991401719656069,0.949210157968406,0.936372847011145,0.977395479095819,7
"GO:0051963",0.459308138372326,0.0415916816636673,0.121575684863027,0.179764047190562,0.0821835632873425,0.0783843231353729,0.159283225485316,0.309765797613787,7
"GO:0060078",0.314937012597481,0.101379724055189,0.0113977204559088,0.0297940411917616,0.0145970805838832,0.0405918816236753,0.176651669429316,0.290447504302926,7
"GO:0098839",0.388122375524895,0.391521695660868,0.886422715456909,0.852829434113177,0.910817836432713,0.896420715856829,0.496151308555091,0.672037528044055,7
"GO:0098918",0.959008198360328,0.764047190561888,0.300539892021596,0.205158968206359,0.314337132573485,0.624275144971006,0.95783755819969,0.810779551237567,7
"GO:0099010",0.693061387722456,0.922815436912617,0.653069386122775,0.574085182963407,0.79004199160168,0.690261947610478,0.941803065731359,0.760009099181074,7
"GO:0099055",0.492101579684063,0.77004599080184,0.956808638272346,0.949610077984403,0.441711657668466,0.784043191361728,0.453667105841019,0.336465781409602,7
"GO:0099056",0.0581883623275345,0.0277944411117776,0.0565886822635473,0.0581883623275345,0.00939812037592481,0.0473905218956209,0.0246153846153846,0.0165238678090575,7
"GO:0099059",0.339332133573285,0.400719856028794,0.454109178164367,0.47370525894821,0.291541691661668,0.635272945410918,0.765435099659699,0.408229915088178,7
"GO:0099060",0.762247550489902,0.97120575884823,0.28874225154969,0.21495700859828,0.101579684063187,0.470705858828234,0.959256429844665,0.766719207385724,7
"GO:0099061",0.301739652069586,0.413917216556689,0.819236152769446,0.808438312337532,0.829034193161368,0.840831833633273,0.457289803220036,0.477235438884331,7
"GO:0099072",0.733053389322136,0.822835432913417,0.888022395520896,0.873425314937013,0.891021795640872,0.915216956608678,0.682290515144815,0.86189889025894,7
"GO:0099092",0.502699460107978,0.867226554689062,0.533493301339732,0.427714457108578,0.356328734253149,0.400519896020796,0.767669356810956,0.408872377622378,7
"GO:0099171",0.374125174965007,0.412917416516697,0.547690461907618,0.465906818636273,0.488502299540092,0.539092181563687,0.574553683681167,0.39251071509136,7
"GO:0099173",0.969006198760248,0.860827834433113,0.987402519496101,0.994801039792042,0.991401719656069,0.997200559888022,0.4106614017769,0.988304093567251,7
"GO:0099175",0.94121175764847,0.724655068986203,0.980603879224155,0.993401319736053,0.995800839832034,0.998400319936013,0.33456561922366,0.960264900662252,7
"GO:0099188",0.96620675864827,0.96620675864827,0.588682263547291,0.527294541091782,0.801039792041592,0.36372725454909,0.484982332155477,0.0715350223546945,7
"GO:0099504",0.233953209358128,0.230153969206159,0.732053589282144,0.61747650469906,0.525494901019796,0.825634873025395,0.170854271356784,0.24668541582965,7
"GO:0099505",0.0231953609278144,0.00419916016796641,0.00619876024795041,0.0111977604479104,0.000599880023995201,0.135372925414917,0.0249032882011605,0.0182410423452769,7
"GO:0099509",0.874625074985003,0.663667266546691,0.141971605678864,0.183963207358528,0.419716056788642,0.551689662067587,0.508547008547009,0.953461449409586,7
"GO:0099523",0.13377324535093,0.0857828434313137,0.172365526894621,0.106378724255149,0.331933613277345,0.272945410917816,0.202390033053649,0.215063520871143,7
"GO:0099531",0.385122975404919,0.420915816836633,0.530893821235753,0.45750849830034,0.481103779244151,0.521495700859828,0.59193507481613,0.405307325924246,7
"GO:0099536",0.683063387322535,0.787442511497701,0.940811837632474,0.861427714457109,0.904419116176765,0.906418716256749,0.612876427829699,0.692817014446228,7
"GO:0099537",0.602079584083183,0.704859028194361,0.882623475304939,0.7750449910018,0.74245150969806,0.886822635472905,0.64780528396089,0.601283594063378,7
"GO:0099560",0.39872025594881,0.366126774645071,0.868026394721056,0.906418716256749,0.904619076184763,0.920215956808638,0.423981785985328,0.377887418703745,7
"GO:0099563",0.73245350929814,0.952409518096381,0.730853829234153,0.653269346130774,0.799240151969606,0.742251549690062,0.915948838423388,0.800553377910998,7
"GO:0099572",0.778644271145771,0.746650669866027,0.877624475104979,0.823835232953409,0.907218556288742,0.805438912217556,0.813652015393964,0.8792,7
"GO:0099634",0.683663267346531,0.698060387922416,0.343931213757249,0.276544691061788,0.205758848230354,0.467706458708258,0.909685534591195,0.724253982499439,7
"GO:0099645",0.724255148970206,0.813437312537493,0.945610877824435,0.921815636872625,0.985602879424115,0.945410917816437,0.777227722772277,0.841742609468771,7
"GO:1904315",0.683263347330534,0.963207358528294,0.0663867226554689,0.0697860427914417,0.0313937212557489,0.28254349130174,0.419631264606596,0.383081155433287,7
"GO:1905606",0.388122375524895,0.0621875624875025,0.0473905218956209,0.0835832833433313,0.0717856428714257,0.00559888022395521,0.103367267032106,0.371382264413059,7
"GO:2000300",0.329534093181364,0.659268146370726,0.483503299340132,0.406918616276745,0.544291141771646,0.480503899220156,0.640874035989717,0.259926973984482,7
"SYNGO:metabolism",0.689262147570486,0.281143771245751,0.0573885222955409,0.117776444711058,0.12877424515097,0.225954809038192,0.0164948453608247,0.0237580993520518,7
"SYNGO:postsynprocess",0.729654069186163,0.885822835432913,0.6624675064987,0.644271145770846,0.336932613477305,0.787242551489702,0.766432410086813,0.612412412412412,7
"SYNGO:presynprocess",0.0689862027594481,0.0559888022395521,0.2125574885023,0.207958408318336,0.0585882823435313,0.535492901419716,0.0793166564978646,0.0920368147258904,7
"SYNGO:transport",0.00399920015996801,0.00639872025594881,0.00699860027994401,0.0133973205358928,0.105178964207159,0.0271945610877824,0.00211081794195251,0.0452953537240252,7
